animal,plant
animal,
animal,
animal,plant
animal,
animal,
animal,plant
animal,
animal,plant
animal,
animal,
animal,plant
animal,
animal,plant
animal,
animal,
animal,plant
animal,plant
animal,plant
animal,plant
animal,
animal,plant
animal,
animal,
animal,
animal,plant
animal,plant
animal,plant
animal,plant
animal,
animal,plant
animal,plant
animal,
animal,
animal,plant
animal,plant
animal,plant
animal,plant
animal,plant
animal,plant
animal,plant
animal,
animal,plant
animal,
animal,plant
animal,
animal,plant
animal,
animal,
animal,plant
animal,plant
animal,plant
animal,plant
animal,
animal,plant
animal,
animal,
animal,
animal,plant
animal,plant
animal,
animal,
animal,
animal,
animal,plant
animal,
animal,
animal,plant
animal,plant
animal,
animal,plant
animal,
animal,
animal,
animal,plant
animal,
animal,plant
animal,plant
animal,
animal,
animal,
animal,plant
animal,plant
animal,
animal,
animal,
animal,plant
animal,
animal,
animal,plant
animal,
animal,
animal,plant
animal,
animal,
animal,plant
animal,plant
animal,
animal,plant
animal,plant
animal,plant
animal,plant
animal,
animal,plant
animal,
animal,
animal,
animal,plant
animal,
animal,plant
animal,plant
animal,plant
animal,plant
animal,plant
animal,
animal,
animal,
animal,
animal,
animal,
animal,plant
animal,plant
animal,
animal,plant
animal,plant
animal,plant
animal,
animal,
animal,plant
animal,
animal,
animal,
animal,plant
animal,plant
animal,plant
animal,
animal,
animal,plant
animal,plant
animal,
animal,
animal,
animal,plant
animal,
animal,
animal,
animal,plant
animal,
animal,
animal,
animal,plant
animal,plant
animal,
animal,plant
animal,plant
animal,plant
animal,
animal,plant
animal,
animal,
animal,
animal,
animal,
animal,plant
animal,plant
animal,plant
animal,plant
animal,plant
animal,
animal,plant
animal,plant
animal,
animal,
animal,
animal,
animal,plant
animal,plant
animal,plant
animal,
animal,plant
animal,plant
animal,plant
animal,plant
animal,plant
animal,plant
animal,
animal,
animal,
animal,
animal,
animal,plant
animal,
animal,plant
animal,
animal,plant
animal,plant
animal,plant
animal,
animal,
animal,plant
animal,
animal,plant
animal,plant
animal,plant
animal,
animal,
animal,
animal,
animal,plant
animal,plant
animal,plant
animal,
animal,
animal,
animal,
animal,
animal,plant
animal,plant
animal,plant
animal,
animal,plant
animal,
animal,plant
animal,plant
animal,plant
animal,plant
animal,plant
animal,
animal,plant
animal,
animal,
animal,
animal,
animal,plant
animal,plant
animal,
animal,plant
animal,plant
animal,plant
animal,
animal,plant
animal,plant
animal,
animal,plant
animal,plant
animal,plant
animal,
animal,
animal,plant
animal,
animal,
animal,plant
animal,
animal,plant
animal,plant
animal,plant
animal,
animal,plant
animal,plant
animal,plant
animal,plant
animal,plant
animal,
animal,plant
animal,
animal,
animal,plant
animal,plant
animal,
animal,plant
animal,plant
animal,plant
animal,plant
animal,plant
animal,plant
animal,
animal,
animal,plant
animal,plant
animal,
animal,plant
animal,
animal,plant
animal,
animal,
animal,plant
animal,plant
animal,plant
animal,
animal,plant
animal,
animal,plant
animal,plant
animal,plant
animal,
animal,plant
animal,plant
animal,plant
animal,
animal,
animal,
animal,plant
animal,plant
animal,plant
animal,
animal,
animal,plant
animal,
animal,plant
animal,plant
animal,
animal,plant
animal,plant
animal,
animal,plant
animal,
animal,plant
animal,
animal,plant
animal,
animal,plant
animal,plant
animal,
animal,
animal,
animal,plant
animal,plant
animal,plant
animal,plant
animal,
animal,plant
animal,
animal,
animal,
animal,
animal,plant
animal,
animal,
animal,
animal,
animal,
animal,plant
animal,
animal,
animal,
animal,plant
animal,
animal,
animal,
animal,plant
animal,
animal,
animal,plant
animal,
animal,
animal,plant
animal,plant
animal,
animal,plant
animal,
animal,
animal,plant
animal,
animal,plant
animal,plant
animal,plant
animal,
animal,plant
animal,plant
animal,
animal,plant
animal,plant
animal,
animal,plant
animal,plant
animal,
animal,
animal,
animal,plant
animal,plant
animal,
animal,plant
animal,
animal,plant
animal,plant
animal,plant
animal,plant
animal,plant
animal,
animal,plant
animal,plant
animal,
animal,
animal,
animal,plant
animal,plant
animal,
animal,
animal,plant
animal,plant
animal,
animal,plant
animal,plant
animal,
animal,
animal,plant
animal,
animal,plant
animal,
animal,plant
animal,plant
animal,
animal,plant
animal,plant
animal,plant
animal,
animal,
animal,plant
animal,
animal,plant
animal,plant
animal,plant
animal,plant
animal,plant
animal,plant
animal,
animal,plant
animal,
animal,
animal,plant
animal,
animal,plant
animal,plant
animal,
animal,
animal,plant
animal,plant
animal,
animal,plant
animal,
animal,
animal,
animal,plant
animal,plant
animal,
animal,
animal,plant
animal,plant
animal,
animal,
animal,plant
animal,
animal,
animal,plant
animal,plant
animal,
animal,
animal,
animal,plant
animal,
animal,plant
animal,
animal,plant
animal,
animal,plant
animal,
animal,plant
animal,
animal,
animal,plant
animal,plant
animal,
animal,
animal,
animal,
animal,plant
animal,plant
animal,plant
animal,plant
animal,
animal,plant
animal,plant
animal,
animal,
animal,plant
animal,plant
animal,plant
animal,plant
animal,plant
animal,
animal,plant
animal,
animal,plant
animal,
animal,
animal,
animal,plant
animal,
animal,plant
animal,
animal,plant
animal,plant
animal,plant
animal,plant
animal,
animal,plant
animal,
animal,
animal,plant
animal,
animal,plant
animal,plant
animal,
animal,
animal,
animal,plant
animal,plant
animal,plant
animal,
animal,plant
animal,plant
animal,
animal,plant
animal,plant
animal,
animal,
animal,
animal,
animal,plant
animal,
animal,plant
animal,
animal,
animal,
animal,plant
animal,plant
animal,
animal,plant
animal,
animal,plant
animal,plant
animal,
animal,plant
animal,
animal,plant
animal,plant
animal,
animal,
animal,
animal,plant
animal,plant
animal,
animal,plant
animal,
animal,plant
animal,
animal,plant
animal,plant
animal,
animal,
animal,plant
animal,plant
animal,plant
animal,
animal,plant
animal,
animal,
animal,plant
animal,plant
animal,plant
animal,
animal,
animal,plant
animal,plant
animal,plant
animal,
animal,
animal,
animal,plant
animal,plant
animal,plant
animal,plant
animal,
animal,
animal,
animal,plant
animal,
animal,
animal,
animal,plant
animal,plant
animal,
animal,
animal,
animal,plant
animal,
animal,
animal,
animal,
animal,
animal,
animal,
animal,
animal,
animal,plant
animal,plant
animal,plant
animal,plant
animal,plant
animal,
animal,plant
animal,plant
animal,plant
animal,
animal,
animal,
animal,
animal,
animal,plant
animal,plant
animal,plant
animal,
animal,plant
animal,plant
animal,plant
animal,plant
animal,plant
animal,plant
animal,
animal,plant
animal,
animal,
animal,plant
animal,
animal,
animal,plant
animal,plant
animal,plant
animal,plant
animal,plant
animal,plant
animal,plant
animal,plant
animal,
animal,
animal,plant
animal,
animal,plant
animal,
animal,
animal,plant
animal,
animal,
animal,plant
animal,
animal,
animal,
animal,plant
animal,plant
animal,
animal,plant
animal,
animal,
animal,
animal,plant
animal,plant
animal,plant
animal,
animal,plant
animal,
animal,plant
animal,
animal,plant
animal,plant
animal,plant
animal,
animal,
animal,plant
animal,plant
animal,
animal,
animal,
animal,plant
animal,
animal,plant
animal,plant
animal,plant
animal,
animal,plant
animal,plant
animal,
animal,
animal,
animal,plant
animal,plant
animal,
animal,
animal,
animal,
animal,
animal,plant
animal,
animal,
animal,plant
animal,plant
animal,plant
animal,plant
animal,plant
animal,plant
animal,plant
animal,
animal,
animal,plant
animal,plant
animal,plant
animal,
animal,plant
animal,plant
animal,
animal,plant
animal,
animal,
animal,
animal,plant
animal,
animal,plant
animal,
animal,plant
animal,
animal,plant
animal,
animal,plant
animal,
animal,plant
animal,
animal,
animal,plant
animal,plant
animal,plant
animal,
animal,
animal,
animal,
animal,
animal,
animal,
animal,plant
animal,plant
animal,plant
animal,plant
animal,
animal,plant
animal,plant
animal,plant
animal,
animal,plant
animal,
animal,plant
animal,
animal,
animal,plant
animal,
animal,
animal,
animal,
animal,
animal,plant
animal,plant
animal,
animal,
animal,
animal,
animal,
animal,plant
animal,plant
animal,
animal,plant
animal,plant
animal,
animal,plant
animal,plant
animal,
animal,plant
animal,
animal,plant
animal,
animal,plant
animal,
animal,plant
animal,
animal,plant
animal,plant
animal,plant
animal,
animal,
animal,plant
animal,plant
animal,
animal,
animal,plant
animal,
animal,plant
animal,plant
animal,
animal,plant
animal,
animal,plant
animal,
animal,
animal,plant
animal,plant
animal,plant
animal,plant
animal,plant
animal,
animal,plant
animal,plant
animal,
animal,
animal,
animal,
animal,
animal,
animal,plant
animal,plant
animal,plant
animal,plant
animal,
animal,plant
animal,plant
animal,
animal,plant
animal,
animal,
animal,plant
animal,plant
animal,plant
animal,
animal,plant
animal,
animal,plant
animal,
animal,plant
animal,plant
animal,
animal,plant
animal,
animal,
animal,plant
animal,plant
animal,plant
animal,plant
animal,
animal,plant
animal,plant
animal,
animal,
animal,plant
animal,plant
animal,
animal,plant
animal,
animal,
animal,plant
animal,plant
animal,plant
animal,plant
animal,plant
animal,plant
animal,plant
animal,plant
animal,plant
animal,
animal,
animal,
animal,plant
animal,
animal,plant
animal,plant
animal,plant
animal,plant
animal,
animal,
animal,plant
animal,
animal,
animal,
animal,plant
animal,
animal,
animal,
animal,plant
animal,plant
animal,plant
animal,plant
animal,
animal,
animal,
animal,plant
animal,plant
animal,
animal,plant
animal,plant
animal,plant
animal,
animal,
animal,plant
animal,
animal,plant
animal,plant
animal,
animal,plant
animal,
animal,plant
animal,
animal,
animal,
animal,plant
animal,
animal,plant
animal,plant
animal,plant
animal,plant
animal,plant
animal,plant
animal,plant
animal,plant
animal,
animal,
animal,
animal,plant
animal,plant
animal,plant
animal,
animal,plant
animal,
animal,plant
animal,plant
animal,
animal,plant
animal,
animal,
animal,
animal,
animal,plant
animal,plant
animal,plant
animal,
animal,
animal,plant
animal,plant
animal,plant
animal,plant
animal,
animal,
animal,plant
animal,
animal,
animal,
animal,plant
animal,plant
animal,
animal,
animal,plant
animal,plant
animal,plant
animal,
animal,plant
animal,
animal,
animal,plant
animal,
animal,plant
animal,plant
animal,plant
animal,
animal,plant
animal,plant
animal,
animal,
animal,plant
animal,plant
animal,plant
animal,
animal,plant
animal,plant
animal,plant
animal,plant
animal,plant
animal,plant
animal,plant
animal,
animal,
animal,plant
animal,
animal,
animal,plant
animal,
animal,plant
animal,
animal,
animal,plant
animal,
animal,plant
animal,plant
animal,
animal,plant
animal,
animal,
animal,plant
animal,plant
animal,
animal,plant
animal,plant
animal,
animal,
animal,
animal,plant
animal,plant
animal,
animal,
animal,plant
animal,
animal,plant
animal,
animal,
animal,
animal,
animal,plant
animal,
animal,
animal,plant
animal,plant
animal,plant
animal,plant
animal,
animal,
animal,
animal,plant
animal,
animal,plant
animal,plant
animal,
animal,plant
animal,plant
animal,
animal,
animal,
animal,plant
animal,
animal,plant
animal,plant
animal,plant
animal,plant
animal,plant
animal,
animal,plant
animal,
animal,plant
animal,
animal,
animal,
animal,plant
animal,plant
animal,
animal,plant
animal,
animal,plant
animal,plant
animal,plant
animal,
animal,
animal,plant
animal,plant
animal,plant
animal,
animal,
animal,
animal,plant
animal,plant
animal,
animal,
animal,plant
animal,plant
animal,
animal,plant
animal,
animal,plant
animal,plant
animal,plant
animal,plant
animal,
animal,
animal,
animal,
animal,plant
animal,plant
animal,
animal,
animal,plant
animal,plant
animal,plant
animal,
animal,plant
animal,plant
animal,
animal,plant
animal,plant
animal,plant
animal,
animal,
animal,plant
animal,plant
animal,
animal,
animal,plant
animal,plant
animal,plant
animal,plant
animal,
animal,plant
animal,
animal,
animal,plant
animal,plant
animal,
animal,
animal,
animal,plant
animal,
animal,plant
animal,plant
animal,plant
animal,
animal,plant
animal,plant
animal,plant
animal,
animal,
animal,
animal,
animal,plant
animal,plant
animal,plant
animal,
animal,plant
animal,
animal,plant
animal,plant
animal,plant
animal,plant
animal,plant
animal,plant
animal,plant
animal,
animal,plant
animal,plant
animal,plant
animal,plant
animal,
animal,
animal,plant
animal,plant
animal,plant
animal,
animal,plant
animal,
animal,plant
animal,plant
animal,
animal,
animal,
animal,plant
animal,
animal,
animal,
animal,
animal,plant
animal,
animal,plant
animal,plant
animal,plant
animal,
animal,
animal,
animal,
animal,
animal,plant
animal,plant
animal,
animal,
animal,plant
animal,plant
animal,plant
animal,plant
animal,
animal,
animal,plant
animal,plant
animal,plant
animal,plant
animal,plant
animal,
animal,plant
animal,
animal,
animal,plant
animal,
animal,plant
animal,plant
animal,plant
animal,plant
animal,plant
animal,plant
animal,plant
animal,plant
animal,plant
animal,
animal,plant
animal,plant
animal,plant
animal,
animal,plant
animal,plant
animal,plant
animal,plant
animal,
animal,plant
animal,
animal,plant
animal,plant
animal,
animal,plant
animal,
animal,
animal,plant
animal,
animal,plant
animal,
animal,plant
animal,
animal,
animal,plant
animal,plant
animal,
animal,plant
animal,plant
animal,
animal,plant
animal,
animal,
animal,plant
animal,
animal,plant
animal,
animal,plant
animal,
animal,plant
animal,
animal,plant
animal,
animal,plant
animal,plant
animal,plant
animal,
animal,plant
animal,plant
animal,plant
animal,plant
animal,plant
animal,plant
animal,plant
animal,plant
animal,
animal,plant
animal,plant
animal,plant
animal,
animal,plant
animal,plant
animal,plant
animal,plant
animal,plant
animal,plant
animal,plant
animal,plant
animal,plant
animal,
animal,
animal,
animal,plant
animal,plant
animal,plant
animal,
animal,
animal,plant
animal,plant
animal,plant
animal,plant
animal,plant
animal,plant
animal,plant
animal,
animal,plant
animal,plant
animal,plant
animal,plant
animal,plant
animal,
animal,plant
animal,plant
animal,
animal,
animal,
animal,plant
animal,
animal,
animal,plant
animal,plant
animal,plant
animal,
animal,
animal,plant
animal,plant
animal,plant
animal,plant
animal,plant
animal,
animal,plant
animal,
animal,
animal,
animal,
animal,
animal,plant
animal,plant
animal,
animal,plant
animal,
animal,
animal,plant
animal,
animal,plant
animal,plant
animal,
animal,plant
animal,plant
animal,
animal,plant
animal,
animal,
animal,plant
animal,
animal,plant
animal,plant
animal,
animal,plant
animal,plant
animal,
animal,plant
animal,
animal,plant
animal,plant
animal,
animal,
animal,
animal,
animal,plant
animal,
animal,
animal,
animal,plant
animal,plant
animal,
animal,
animal,
animal,
animal,plant
animal,plant
animal,plant
animal,
animal,
animal,plant
animal,
animal,plant
animal,plant
animal,
animal,
animal,plant
animal,
animal,plant
animal,
animal,plant
animal,plant
animal,plant
animal,plant
animal,
animal,plant
animal,plant
animal,
animal,
animal,plant
animal,
animal,plant
animal,plant
animal,
animal,
animal,plant
animal,
animal,plant
animal,
animal,plant
animal,
animal,
animal,
animal,plant
animal,plant
animal,plant
animal,
animal,
animal,plant
animal,
animal,
animal,plant
animal,
animal,
animal,
animal,plant
animal,plant
animal,plant
animal,
animal,
animal,plant
animal,
animal,
animal,
animal,plant
animal,
animal,
animal,
animal,plant
animal,plant
animal,plant
animal,plant
animal,plant
animal,
animal,plant
animal,
animal,
animal,
animal,
animal,plant
animal,plant
animal,plant
animal,
animal,
animal,plant
animal,plant
animal,
animal,
animal,plant
animal,
animal,
animal,plant
animal,
animal,
animal,
animal,
animal,plant
animal,
animal,plant
animal,
animal,plant
animal,
animal,
animal,
animal,plant
animal,
animal,
animal,
animal,
animal,
animal,plant
animal,plant
animal,plant
animal,
animal,plant
animal,plant
animal,plant
animal,
animal,
animal,
animal,plant
animal,plant
animal,plant
animal,plant
animal,
animal,plant
animal,
animal,
animal,plant
animal,
animal,plant
animal,plant
animal,
animal,
animal,plant
animal,
animal,plant
animal,
animal,plant
animal,plant
animal,
animal,plant
animal,plant
animal,plant
animal,
animal,
animal,
animal,plant
animal,plant
animal,plant
animal,plant
animal,plant
animal,
animal,
animal,
animal,
animal,
animal,
animal,plant
animal,plant
animal,
animal,plant
animal,plant
animal,
animal,plant
animal,plant
animal,plant
animal,
animal,plant
animal,
animal,plant
animal,plant
animal,
animal,plant
animal,plant
animal,plant
animal,
animal,
animal,plant
animal,plant
animal,plant
animal,plant
animal,plant
animal,
animal,plant
animal,
animal,plant
animal,
animal,
animal,plant
animal,plant
animal,plant
animal,
animal,plant
animal,
animal,plant
animal,plant
animal,
animal,
animal,plant
animal,
animal,plant
animal,
animal,plant
animal,plant
animal,plant
animal,
animal,
animal,plant
animal,
animal,
animal,
animal,
animal,plant
animal,plant
animal,plant
animal,
animal,plant
animal,
animal,
animal,
animal,
animal,
animal,plant
animal,
animal,
animal,plant
animal,
animal,plant
animal,plant
animal,plant
animal,plant
animal,plant
animal,
animal,
animal,
animal,plant
animal,plant
animal,
animal,plant
animal,
animal,plant
animal,plant
animal,plant
animal,plant
animal,
animal,plant
animal,plant
animal,plant
animal,plant
animal,
animal,plant
animal,plant
animal,
animal,plant
animal,plant
animal,
animal,
animal,
animal,plant
animal,
animal,plant
animal,
animal,plant
animal,plant
animal,
animal,
animal,plant
animal,
animal,
animal,
animal,
animal,plant
animal,plant
animal,plant
animal,plant
animal,
animal,
animal,
animal,
animal,plant
animal,
animal,
animal,
animal,
animal,plant
animal,
animal,plant
animal,plant
animal,plant
animal,plant
animal,
animal,
animal,plant
animal,
animal,plant
animal,
animal,plant
animal,
animal,
animal,plant
animal,plant
animal,plant
animal,
animal,
animal,
animal,
animal,
animal,
animal,
animal,plant
animal,
animal,
animal,
animal,plant
animal,plant
animal,plant
animal,plant
animal,
animal,
animal,plant
animal,
animal,plant
animal,
animal,plant
animal,
animal,
animal,
animal,plant
animal,
animal,
animal,
animal,plant
animal,plant
animal,plant
animal,plant
animal,plant
animal,
animal,
animal,plant
animal,
animal,plant
animal,
animal,
animal,
animal,
animal,plant
animal,
animal,plant
animal,
animal,plant
animal,
animal,
animal,
animal,
animal,
animal,plant
animal,
animal,
animal,plant
animal,
animal,plant
animal,
animal,
animal,
animal,plant
animal,plant
animal,
animal,
animal,plant
animal,plant
animal,plant
animal,plant
animal,
animal,plant
animal,plant
animal,
animal,plant
animal,plant
animal,plant
animal,
animal,
animal,plant
animal,plant
animal,plant
animal,
animal,plant
animal,plant
animal,plant
animal,
animal,
animal,
animal,plant
animal,plant
animal,plant
animal,
animal,plant
animal,
animal,plant
animal,plant
animal,plant
animal,plant
animal,plant
animal,
animal,plant
animal,
animal,
animal,plant
animal,plant
animal,
animal,
animal,
animal,
animal,plant
animal,plant
animal,
animal,plant
animal,plant
animal,
animal,plant
animal,plant
animal,
animal,
animal,plant
animal,plant
animal,plant
animal,
animal,
animal,plant
animal,
animal,
animal,
animal,plant
animal,
animal,plant
animal,
animal,
animal,
animal,
animal,
animal,
animal,
animal,
animal,plant
animal,
animal,
animal,
animal,
animal,
animal,plant
animal,
animal,plant
animal,plant
animal,
animal,
animal,plant
animal,
animal,plant
animal,
animal,
animal,plant
animal,plant
animal,plant
animal,plant
animal,plant
animal,plant
animal,plant
animal,
animal,plant
animal,
animal,
animal,plant
animal,plant
animal,plant
animal,
animal,
animal,plant
animal,
animal,plant
animal,
animal,
animal,plant
animal,
animal,plant
animal,plant
animal,plant
animal,
animal,
animal,
animal,plant
animal,
animal,
animal,
animal,plant
animal,plant
animal,
animal,
animal,plant
animal,
animal,
animal,plant
animal,
animal,
animal,plant
animal,plant
animal,
animal,plant
animal,plant
animal,
animal,
animal,
animal,
animal,
animal,plant
animal,plant
animal,
animal,
animal,plant
animal,
animal,
animal,plant
animal,plant
animal,plant
animal,plant
animal,
animal,
animal,plant
animal,plant
animal,
animal,plant
animal,plant
animal,plant
animal,plant
animal,plant
animal,
animal,
animal,
animal,plant
animal,
animal,
animal,
animal,plant
animal,plant
animal,plant
animal,plant
animal,plant
animal,
animal,
animal,
animal,
animal,
animal,plant
animal,
animal,plant
animal,plant
animal,plant
animal,plant
animal,plant
animal,plant
animal,
animal,plant
animal,
animal,plant
animal,plant
animal,plant
animal,plant
animal,
animal,plant
animal,
animal,plant
animal,plant
animal,
animal,
animal,plant
animal,
animal,plant
animal,plant
animal,plant
animal,
animal,plant
animal,
animal,
animal,plant
animal,plant
animal,
animal,plant
animal,
animal,plant
animal,
animal,
animal,plant
animal,
animal,plant
animal,
animal,
animal,
animal,plant
animal,
animal,plant
animal,plant
animal,
animal,plant
animal,
animal,
animal,
animal,plant
animal,plant
animal,
animal,plant
animal,
animal,
animal,
animal,plant
animal,plant
animal,
animal,
animal,
animal,plant
animal,plant
animal,plant
animal,plant
animal,
animal,
animal,
animal,plant
animal,plant
animal,plant
animal,plant
animal,
animal,plant
animal,plant
animal,plant
animal,
animal,
animal,plant
animal,
animal,plant
animal,plant
animal,plant
animal,
animal,
animal,plant
animal,plant
animal,plant
animal,plant
animal,plant
animal,
animal,plant
animal,plant
animal,plant
animal,plant
animal,plant
animal,plant
animal,plant
animal,plant
animal,plant
animal,
animal,
animal,plant
animal,
animal,
animal,plant
animal,plant
animal,plant
animal,plant
animal,plant
animal,plant
animal,
animal,
animal,plant
animal,plant
animal,
animal,
animal,
animal,
animal,
animal,
animal,
animal,
animal,
animal,
animal,
animal,
animal,plant
animal,plant
animal,
animal,
animal,plant
animal,plant
animal,
animal,plant
animal,plant
animal,plant
animal,plant
animal,
animal,plant
animal,
animal,plant
animal,plant
animal,
animal,
animal,plant
animal,plant
animal,
animal,
animal,plant
animal,
animal,plant
animal,plant
animal,plant
animal,
animal,plant
animal,plant
animal,
animal,
animal,plant
animal,
animal,
animal,plant
animal,
animal,plant
animal,
animal,plant
animal,
animal,plant
animal,plant
animal,
animal,
animal,plant
animal,
animal,
animal,
animal,plant
animal,plant
animal,
animal,
animal,
animal,
animal,plant
animal,
animal,
animal,plant
animal,plant
animal,
animal,
animal,
animal,
animal,plant
animal,plant
animal,plant
animal,plant
animal,
animal,
animal,plant
animal,
animal,
animal,plant
animal,
animal,
animal,
animal,
animal,plant
animal,
animal,plant
animal,plant
animal,plant
animal,
animal,
animal,plant
animal,
animal,plant
animal,plant
animal,plant
animal,plant
animal,
animal,
animal,
animal,
animal,plant
animal,
animal,plant
animal,plant
animal,plant
animal,
animal,
animal,plant
animal,
animal,
animal,
animal,plant
animal,plant
animal,
animal,
animal,
animal,plant
animal,plant
animal,
animal,
animal,
animal,
animal,
animal,
animal,
animal,plant
animal,plant
animal,
animal,plant
animal,plant
animal,
animal,plant
animal,
animal,
animal,
animal,plant
animal,
animal,
animal,
animal,
animal,
animal,
animal,plant
animal,
animal,
animal,
animal,
animal,
animal,plant
animal,
animal,
animal,
animal,plant
animal,plant
animal,
animal,plant
animal,plant
animal,plant
animal,plant
animal,plant
animal,plant
animal,plant
animal,plant
animal,
animal,
animal,plant
animal,
animal,plant
animal,plant
animal,plant
animal,
animal,plant
animal,
animal,plant
animal,
animal,plant
animal,plant
animal,plant
animal,
animal,
animal,
animal,plant
animal,plant
animal,plant
animal,
animal,
animal,
animal,
animal,
animal,plant
animal,
animal,plant
animal,plant
animal,plant
animal,plant
animal,plant
animal,plant
animal,plant
animal,
animal,plant
animal,
animal,plant
animal,
animal,
animal,
animal,
animal,
animal,plant
animal,
animal,
animal,
animal,plant
animal,plant
animal,plant
animal,plant
animal,
animal,plant
animal,
animal,
animal,
animal,plant
animal,
animal,
animal,plant
animal,plant
animal,plant
animal,plant
animal,plant
animal,
animal,
animal,plant
animal,
animal,
animal,
animal,plant
animal,
animal,plant
animal,plant
animal,
animal,
animal,
animal,plant
animal,plant
animal,plant
animal,
animal,
animal,
animal,
animal,plant
animal,
animal,plant
animal,
animal,plant
animal,plant
animal,
animal,plant
animal,plant
animal,plant
animal,
animal,plant
animal,plant
animal,plant
animal,
animal,plant
animal,plant
animal,plant
animal,
animal,plant
animal,
animal,
animal,
animal,plant
animal,plant
animal,
animal,
animal,
animal,
animal,plant
animal,
animal,plant
animal,plant
animal,
animal,
animal,plant
animal,
animal,
animal,
animal,plant
animal,plant
animal,plant
animal,plant
animal,
animal,
animal,
animal,plant
animal,plant
animal,plant
animal,plant
animal,
animal,
animal,
animal,plant
animal,plant
animal,plant
animal,plant
animal,
animal,
animal,
animal,
animal,
animal,plant
animal,plant
animal,
animal,
animal,plant
animal,plant
animal,plant
animal,
animal,plant
animal,
animal,plant
animal,plant
animal,plant
animal,plant
animal,
animal,
animal,
animal,plant
animal,
animal,
animal,
animal,
animal,plant
animal,plant
animal,plant
animal,
animal,plant
animal,plant
animal,plant
animal,
animal,
animal,plant
animal,
animal,
animal,plant
animal,plant
animal,plant
animal,
animal,plant
animal,
animal,plant
animal,plant
animal,plant
animal,
animal,plant
animal,plant
animal,plant
animal,plant
animal,plant
animal,plant
animal,
animal,plant
animal,
animal,plant
animal,
animal,plant
animal,
animal,plant
animal,plant
animal,plant
animal,plant
animal,plant
animal,
animal,plant
animal,
animal,plant
animal,plant
animal,plant
animal,
animal,plant
animal,
animal,plant
animal,
animal,
animal,
animal,plant
animal,
animal,plant
animal,
animal,plant
animal,plant
animal,plant
animal,
animal,plant
animal,plant
animal,plant
animal,plant
animal,plant
animal,plant
animal,
animal,plant
animal,plant
animal,
animal,plant
animal,plant
animal,
animal,
animal,
animal,plant
animal,plant
animal,plant
animal,
animal,plant
animal,
animal,plant
animal,plant
animal,plant
animal,
animal,
animal,
animal,
animal,plant
animal,plant
animal,
animal,plant
animal,plant
animal,
animal,
animal,plant
animal,
animal,plant
animal,plant
animal,
animal,
animal,plant
animal,
animal,
animal,
animal,plant
animal,
animal,plant
animal,
animal,plant
animal,
animal,plant
animal,
animal,
animal,plant
animal,
animal,
animal,
animal,plant
animal,plant
animal,plant
animal,
animal,plant
animal,plant
animal,
animal,
animal,
animal,plant
animal,plant
animal,plant
animal,plant
animal,
animal,
animal,
animal,
animal,plant
animal,
animal,
animal,plant
animal,plant
animal,
animal,
animal,
animal,plant
animal,
animal,
animal,
animal,
animal,plant
animal,
animal,
animal,plant
animal,
animal,
animal,plant
animal,plant
animal,
animal,plant
animal,
animal,
animal,plant
animal,
animal,
animal,plant
animal,plant
animal,
animal,
animal,
animal,plant
animal,plant
animal,plant
animal,plant
animal,plant
animal,plant
animal,
animal,
animal,
animal,plant
animal,
animal,plant
animal,plant
animal,
animal,
animal,plant
animal,
animal,plant
animal,plant
animal,
animal,plant
animal,plant
animal,plant
animal,plant
animal,
animal,plant
animal,
animal,
animal,plant
animal,plant
animal,
animal,
animal,plant
animal,plant
animal,
animal,plant
animal,plant
animal,plant
animal,plant
animal,
animal,
animal,
animal,plant
animal,plant
animal,plant
animal,
animal,
animal,
animal,
animal,plant
animal,plant
animal,
animal,plant
animal,
animal,
animal,plant
animal,plant
animal,plant
animal,
animal,plant
animal,
animal,
animal,plant
animal,
animal,plant
animal,
animal,
animal,plant
animal,
animal,plant
animal,
animal,plant
animal,plant
animal,
animal,
animal,plant
animal,
animal,plant
animal,plant
animal,
animal,plant
animal,
animal,plant
animal,
animal,plant
animal,plant
animal,
animal,plant
animal,
animal,plant
animal,plant
animal,
animal,plant
animal,plant
animal,
animal,plant
animal,plant
animal,plant
animal,
animal,
animal,plant
animal,plant
animal,
animal,plant
animal,
animal,plant
animal,plant
animal,
animal,plant
animal,
animal,plant
animal,plant
animal,plant
animal,
animal,
animal,plant
animal,plant
animal,plant
animal,plant
animal,
animal,plant
animal,plant
animal,
animal,
animal,plant
animal,plant
animal,plant
animal,plant
animal,plant
animal,
animal,
animal,
animal,plant
animal,
animal,
animal,
animal,
animal,
animal,plant
animal,
animal,plant
animal,
animal,plant
animal,
animal,
animal,
animal,plant
animal,
animal,
animal,plant
animal,
animal,
animal,
animal,
animal,plant
animal,plant
animal,plant
animal,plant
animal,
animal,
animal,plant
animal,
animal,
animal,plant
animal,plant
animal,
animal,plant
animal,plant
animal,plant
animal,plant
animal,
animal,
animal,plant
animal,
animal,
animal,
animal,plant
animal,
animal,plant
animal,
animal,
animal,plant
animal,
animal,plant
animal,
animal,plant
animal,plant
animal,plant
animal,
animal,plant
animal,
animal,plant
animal,plant
animal,
animal,plant
animal,
animal,plant
animal,plant
animal,plant
animal,plant
animal,
animal,plant
animal,plant
animal,
animal,plant
animal,
animal,
animal,plant
animal,plant
animal,plant
animal,plant
animal,
animal,
animal,plant
animal,plant
animal,plant
animal,
animal,plant
animal,
animal,plant
animal,plant
animal,plant
animal,plant
animal,plant
animal,plant
animal,
animal,
animal,plant
animal,
animal,
animal,plant
animal,plant
animal,
animal,
animal,plant
animal,
animal,
animal,
animal,plant
animal,plant
animal,plant
animal,
animal,
animal,
animal,
animal,plant
animal,plant
animal,plant
animal,
animal,
animal,
animal,
animal,plant
animal,
animal,
animal,plant
animal,plant
animal,plant
animal,plant
animal,plant
animal,plant
animal,
animal,plant
animal,plant
animal,plant
animal,plant
animal,
animal,
animal,
animal,
animal,plant
animal,plant
animal,plant
animal,plant
animal,
animal,plant
animal,
animal,
animal,plant
animal,plant
animal,plant
animal,plant
animal,
animal,plant
animal,plant
animal,
animal,
animal,
animal,plant
animal,plant
animal,
animal,
animal,
animal,
animal,plant
animal,plant
animal,plant
animal,plant
animal,
animal,
animal,plant
animal,
animal,
animal,plant
animal,plant
animal,plant
animal,
animal,plant
animal,
animal,plant
animal,
animal,
animal,plant
animal,
animal,plant
animal,plant
animal,plant
animal,plant
animal,
animal,
animal,plant
animal,plant
animal,
animal,
animal,
animal,
animal,plant
animal,
animal,plant
animal,plant
animal,plant
animal,
animal,
animal,
animal,
animal,
animal,
animal,
animal,plant
animal,
animal,
animal,
animal,
animal,
animal,plant
animal,
animal,plant
animal,
animal,
animal,plant
animal,
animal,plant
animal,
animal,plant
animal,
animal,plant
animal,plant
animal,
animal,plant
animal,plant
animal,
animal,
animal,
animal,plant
animal,plant
animal,plant
animal,plant
animal,plant
animal,
animal,
animal,
animal,plant
animal,
animal,plant
animal,plant
animal,plant
animal,plant
animal,
animal,
animal,
animal,
animal,
animal,
animal,
animal,
animal,
animal,
animal,
animal,plant
animal,plant
animal,plant
animal,plant
animal,plant
animal,plant
animal,plant
animal,
animal,
animal,plant
animal,plant
animal,plant
animal,
animal,plant
animal,plant
animal,
animal,plant
animal,
animal,
animal,
animal,
animal,plant
animal,
animal,plant
animal,
animal,plant
animal,plant
animal,plant
animal,
animal,plant
animal,
animal,plant
animal,plant
animal,plant
animal,
animal,
animal,
animal,
animal,
animal,
animal,plant
animal,plant
animal,
animal,
animal,plant
animal,plant
animal,
animal,plant
animal,
animal,
animal,
animal,
animal,plant
animal,
animal,
animal,
animal,plant
animal,
animal,
animal,
animal,plant
animal,plant
animal,
animal,plant
animal,
animal,
animal,
animal,
animal,
animal,plant
animal,plant
animal,
animal,
animal,
animal,plant
animal,
animal,
animal,
animal,
animal,
animal,plant
animal,
animal,
animal,plant
animal,
animal,plant
animal,
animal,plant
animal,
animal,plant
animal,plant
animal,
animal,plant
animal,
animal,
animal,
animal,
animal,
animal,
animal,plant
animal,plant
animal,
animal,
animal,
animal,plant
animal,
animal,plant
animal,
animal,plant
animal,plant
animal,
animal,
animal,plant
animal,plant
animal,plant
animal,plant
animal,plant
animal,
animal,plant
animal,
animal,
animal,plant
animal,plant
animal,plant
animal,plant
animal,plant
animal,plant
animal,
animal,
animal,
animal,plant
animal,plant
animal,
animal,plant
animal,plant
animal,
animal,
animal,plant
animal,plant
animal,plant
animal,plant
animal,
animal,plant
animal,plant
animal,plant
animal,plant
animal,
animal,plant
animal,
animal,plant
animal,plant
animal,plant
animal,
animal,
animal,plant
animal,plant
animal,
animal,
animal,plant
animal,
animal,plant
animal,
animal,plant
animal,plant
animal,
animal,plant
animal,plant
animal,plant
animal,
animal,
animal,
animal,
animal,
animal,plant
animal,plant
animal,plant
animal,plant
animal,plant
animal,
animal,
animal,plant
animal,
animal,
animal,
animal,
animal,
animal,plant
animal,plant
animal,plant
animal,
animal,
animal,plant
animal,plant
animal,
animal,plant
animal,plant
animal,plant
animal,plant
animal,
animal,plant
animal,
animal,plant
animal,plant
animal,
animal,
animal,plant
animal,
animal,
animal,
animal,
animal,
animal,
animal,
animal,plant
animal,
animal,
animal,plant
animal,
animal,
animal,plant
animal,plant
animal,plant
animal,plant
animal,plant
animal,plant
animal,
animal,
animal,plant
animal,plant
animal,plant
animal,plant
animal,
animal,plant
animal,
animal,plant
animal,
animal,
animal,
animal,plant
animal,plant
animal,
animal,
animal,plant
animal,
animal,
animal,
animal,
animal,plant
animal,
animal,plant
animal,
animal,plant
animal,
animal,plant
animal,plant
animal,plant
animal,
animal,plant
animal,plant
animal,
animal,plant
animal,plant
animal,plant
animal,plant
animal,
animal,
animal,plant
animal,
animal,plant
animal,plant
animal,plant
animal,
animal,
animal,plant
animal,plant
animal,
animal,
animal,
animal,
animal,
animal,
animal,
animal,
animal,plant
animal,
animal,
animal,plant
animal,
animal,plant
animal,
animal,plant
animal,plant
animal,
animal,
animal,plant
animal,
animal,plant
animal,plant
animal,plant
animal,
animal,
animal,plant
animal,plant
animal,
animal,
animal,plant
animal,
animal,plant
animal,plant
animal,
animal,plant
animal,
animal,plant
animal,
animal,plant
animal,plant
animal,plant
animal,
animal,
animal,
animal,plant
animal,
animal,plant
animal,plant
animal,plant
animal,plant
animal,
animal,
animal,
animal,plant
animal,plant
animal,plant
animal,plant
animal,
animal,plant
animal,plant
animal,plant
animal,
animal,plant
animal,plant
animal,
animal,
animal,
animal,plant
animal,plant
animal,plant
animal,plant
animal,
animal,
animal,plant
animal,plant
animal,
animal,
animal,
animal,
animal,plant
animal,plant
animal,plant
animal,plant
animal,plant
animal,
animal,
animal,plant
animal,plant
animal,plant
animal,plant
animal,
animal,plant
animal,
animal,plant
animal,
animal,
animal,plant
animal,plant
animal,plant
animal,
animal,plant
animal,plant
animal,plant
animal,
animal,plant
animal,plant
animal,plant
animal,plant
animal,plant
animal,plant
animal,
animal,
animal,
animal,plant
animal,
animal,plant
animal,
animal,
animal,
animal,
animal,
animal,plant
animal,
animal,
animal,
animal,plant
animal,
animal,
animal,
animal,plant
animal,plant
animal,plant
animal,
animal,plant
animal,
animal,plant
animal,plant
animal,
animal,plant
animal,plant
animal,plant
animal,
animal,
animal,plant
animal,plant
animal,plant
animal,
animal,plant
animal,
animal,
animal,
animal,
animal,plant
animal,
animal,plant
animal,
animal,
animal,
animal,
animal,
animal,
animal,
animal,plant
animal,
animal,plant
animal,
animal,plant
animal,plant
animal,plant
animal,
animal,plant
animal,
animal,
animal,
animal,
animal,
animal,
animal,plant
animal,plant
animal,plant
animal,plant
animal,plant
animal,plant
animal,plant
animal,
animal,plant
animal,
animal,
animal,
animal,plant
animal,
animal,plant
animal,
animal,
animal,plant
animal,plant
animal,plant
animal,plant
animal,plant
animal,plant
animal,plant
animal,
animal,plant
animal,
animal,
animal,plant
animal,
animal,plant
animal,plant
animal,
animal,
animal,plant
animal,plant
