Drink,Count,AMilk,BMilk
Cold_cappuccino,287,animal
Cold_cappuccino,960,animal
Cold_cappuccino,924,animal
Cold_cappuccino,953,plant
Cold_cappuccino,917,animal
Cold_cappuccino,190,animal
Cold_cappuccino,154,plant
Cold_cappuccino,71,animal
Cold_cappuccino,35,plant
Cold_cappuccino,708,animal
Cold_cappuccino,672,animal
Cold_cappuccino,701,plant
Cold_cappuccino,665,animal
Cold_cappuccino,974,plant
Cold_cappuccino,938,animal
Cold_cappuccino,855,animal
Cold_cappuccino,819,plant
Cold_cappuccino,456,plant
Cold_cappuccino,420,plant
Cold_cappuccino,449,plant
Cold_cappuccino,429,animal
Cold_cappuccino,374,plant
Cold_cappuccino,338,animal
Cold_cappuccino,143,animal
Cold_cappuccino,107,animal
Cold_cappuccino,108,plant
Cold_cappuccino,72,plant
Cold_cappuccino,213,plant
Cold_cappuccino,177,plant
Cold_cappuccino,122,animal
Cold_cappuccino,86,plant
Cold_cappuccino,927,plant
Cold_cappuccino,941,animal
Cold_cappuccino,662,animal
Cold_cappuccino,626,plant
Cold_cappuccino,123,plant
Cold_cappuccino,87,plant
Cold_cappuccino,312,plant
Cold_cappuccino,276,plant
Cold_cappuccino,725,plant
Cold_cappuccino,689,plant
Cold_cappuccino,410,animal
Cold_cappuccino,374,plant
Cold_cappuccino,907,animal
Cold_cappuccino,871,plant
Cold_cappuccino,60,animal
Cold_cappuccino,24,plant
Cold_cappuccino,473,animal
Cold_cappuccino,437,animal
Cold_cappuccino,158,plant
Cold_cappuccino,122,plant
Cold_cappuccino,655,plant
Cold_cappuccino,619,plant
Cold_cappuccino,844,animal
Cold_cappuccino,808,plant
Cold_cappuccino,453,animal
Cold_cappuccino,417,animal
Cold_cappuccino,558,animal
Cold_cappuccino,522,plant
Cold_cappuccino,467,plant
Cold_cappuccino,431,animal
Cold_cappuccino,236,animal
Cold_cappuccino,200,animal
Cold_cappuccino,201,animal
Cold_cappuccino,165,plant
Cold_cappuccino,306,animal
Cold_cappuccino,270,animal
Cold_cappuccino,215,plant
Cold_cappuccino,179,plant
Cold_cappuccino,496,animal
Cold_cappuccino,460,plant
Cold_cappuccino,225,animal
Cold_cappuccino,189,animal
Cold_cappuccino,526,animal
Cold_cappuccino,490,plant
Cold_cappuccino,575,animal
Cold_cappuccino,539,plant
Cold_cappuccino,148,plant
Cold_cappuccino,112,animal
Cold_cappuccino,1009,animal
Cold_cappuccino,973,animal
Cold_cappuccino,274,plant
Cold_cappuccino,238,plant
Cold_cappuccino,323,animal
Cold_cappuccino,287,animal
Cold_cappuccino,932,animal
Cold_cappuccino,896,plant
Cold_cappuccino,757,animal
Cold_cappuccino,865,animal
Cold_cappuccino,1034,plant
Cold_cappuccino,998,animal
Cold_cappuccino,75,animal
Cold_cappuccino,39,plant
Cold_cappuccino,852,animal
Cold_cappuccino,816,animal
Cold_cappuccino,649,plant
Cold_cappuccino,748,plant
Cold_cappuccino,712,animal
Cold_cappuccino,125,plant
Cold_cappuccino,89,plant
Cold_cappuccino,846,plant
Cold_cappuccino,810,plant
Cold_cappuccino,307,animal
Cold_cappuccino,271,plant
Cold_cappuccino,496,animal
Cold_cappuccino,460,animal
Cold_cappuccino,909,animal
Cold_cappuccino,873,plant
Cold_cappuccino,594,animal
Cold_cappuccino,558,plant
Cold_cappuccino,55,plant
Cold_cappuccino,19,plant
Cold_cappuccino,244,plant
Cold_cappuccino,208,plant
Cold_cappuccino,657,animal
Cold_cappuccino,621,animal
Cold_cappuccino,342,animal
Cold_cappuccino,306,animal
Cold_cappuccino,839,animal
Cold_cappuccino,803,animal
Cold_cappuccino,1028,plant
Cold_cappuccino,992,plant
Cold_cappuccino,405,animal
Cold_cappuccino,369,plant
Cold_cappuccino,90,plant
Cold_cappuccino,54,plant
Cold_cappuccino,587,animal
Cold_cappuccino,551,animal
Cold_cappuccino,776,plant
Cold_cappuccino,740,animal
Cold_cappuccino,153,animal
Cold_cappuccino,117,animal
Cold_cappuccino,874,plant
Cold_cappuccino,838,plant
Cold_cappuccino,335,plant
Cold_cappuccino,299,animal
Cold_cappuccino,524,animal
Cold_cappuccino,488,plant
Cold_cappuccino,937,plant
Cold_cappuccino,901,animal
Cold_cappuccino,622,animal
Cold_cappuccino,586,animal
Cold_cappuccino,83,plant
Cold_cappuccino,47,animal
Cold_cappuccino,272,animal
Cold_cappuccino,236,animal
Cold_cappuccino,685,plant
Cold_cappuccino,649,animal
Cold_cappuccino,370,animal
Cold_cappuccino,334,animal
Cold_cappuccino,867,plant
Cold_cappuccino,831,plant
Cold_cappuccino,20,animal
Cold_cappuccino,1020,plant
Cold_cappuccino,433,plant
Cold_cappuccino,397,plant
Cold_cappuccino,118,animal
Cold_cappuccino,82,plant
Cold_cappuccino,615,animal
Cold_cappuccino,579,animal
Cold_cappuccino,804,animal
Cold_cappuccino,768,animal
Cold_cappuccino,181,animal
Cold_cappuccino,145,plant
Cold_cappuccino,902,plant
Cold_cappuccino,866,plant
Cold_cappuccino,363,plant
Cold_cappuccino,327,plant
Cold_cappuccino,552,animal
Cold_cappuccino,516,plant
Cold_cappuccino,965,plant
Cold_cappuccino,929,animal
Cold_cappuccino,766,animal
Cold_cappuccino,730,animal
Cold_cappuccino,955,animal
Cold_cappuccino,919,plant
Cold_cappuccino,332,plant
Cold_cappuccino,296,plant
Cold_cappuccino,17,animal
Cold_cappuccino,1017,plant
Cold_cappuccino,514,plant
Cold_cappuccino,478,plant
Cold_cappuccino,703,plant
Cold_cappuccino,667,plant
Cold_cappuccino,80,plant
Cold_cappuccino,44,animal
Cold_cappuccino,801,animal
Cold_cappuccino,765,animal
Cold_cappuccino,262,animal
Cold_cappuccino,226,animal
Cold_cappuccino,451,plant
Cold_LATTE,251,animal
Cold_LATTE,888,plant
Cold_LATTE,881,animal
Cold_LATTE,118,plant
Cold_LATTE,1035,plant
Cold_LATTE,636,plant
Cold_LATTE,629,animal
Cold_LATTE,902,animal
Cold_LATTE,783,plant
Cold_LATTE,384,animal
Cold_LATTE,393,plant
Cold_LATTE,302,plant
Cold_LATTE,71,plant
Cold_LATTE,36,animal
Cold_LATTE,141,animal
Cold_LATTE,50,animal
Cold_LATTE,905,animal
Cold_LATTE,590,plant
Cold_LATTE,51,plant
Cold_LATTE,240,plant
Cold_LATTE,653,animal
Cold_LATTE,338,animal
Cold_LATTE,835,animal
Cold_LATTE,1024,animal
Cold_LATTE,401,animal
Cold_LATTE,86,plant
Cold_LATTE,583,plant
Cold_LATTE,416,plant
Cold_LATTE,381,animal
Cold_LATTE,486,plant
Cold_LATTE,395,animal
Cold_LATTE,164,plant
Cold_LATTE,129,plant
Cold_LATTE,234,plant
Cold_LATTE,179,plant
Cold_LATTE,328,plant
Cold_LATTE,153,animal
Cold_LATTE,454,plant
Cold_LATTE,503,animal
Cold_LATTE,76,animal
Cold_LATTE,937,animal
Cold_LATTE,202,animal
Cold_LATTE,251,plant
Cold_LATTE,860,plant
Cold_LATTE,829,animal
Cold_LATTE,962,plant
Cold_LATTE,1039,plant
Cold_LATTE,487,plant
Cold_LATTE,676,animal
Cold_LATTE,53,plant
Cold_LATTE,774,plant
Cold_LATTE,235,animal
Cold_LATTE,424,plant
Cold_LATTE,837,plant
Cold_LATTE,522,plant
Cold_LATTE,1019,animal
Cold_LATTE,172,animal
Cold_LATTE,585,plant
Cold_LATTE,270,animal
Cold_LATTE,767,animal
Cold_LATTE,956,plant
Cold_LATTE,333,animal
Cold_LATTE,18,plant
Cold_LATTE,515,plant
Cold_LATTE,704,plant
Cold_LATTE,81,animal
Cold_LATTE,802,plant
Cold_LATTE,263,plant
Cold_LATTE,452,plant
Cold_LATTE,865,plant
Cold_LATTE,550,plant
Cold_LATTE,1047,animal
Cold_LATTE,200,plant
Cold_LATTE,613,animal
Cold_LATTE,298,animal
Cold_LATTE,795,plant
Cold_LATTE,984,plant
Cold_LATTE,361,animal
Cold_LATTE,46,plant
Cold_LATTE,543,plant
Cold_LATTE,732,plant
Cold_LATTE,109,plant
Cold_LATTE,830,plant
Cold_LATTE,291,plant
Cold_LATTE,480,animal
Cold_LATTE,197,animal
Cold_LATTE,694,plant
Cold_LATTE,883,plant
Cold_LATTE,260,animal
Cold_LATTE,981,plant
Cold_LATTE,442,animal
Cold_LATTE,631,plant
Cold_LATTE,1044,animal
Cold_LATTE,729,animal
Cold_LATTE,190,plant
Cold_MOCHA,989,plant
Cold_MOCHA,226,plant
Cold_MOCHA,107,animal
Cold_MOCHA,744,animalplant
Cold_MOCHA,737,animal
Cold_MOCHA,1010,plant
Cold_MOCHA,891,plant
Cold_MOCHA,492,plant
Cold_MOCHA,485,animal
Cold_MOCHA,758,plant
Cold_MOCHA,179,plant
Cold_MOCHA,144,plant
Cold_MOCHA,249,animal
Cold_MOCHA,158,animal
Cold_MOCHA,963,animal
Cold_MOCHA,698,plant
Cold_MOCHA,159,plant
Cold_MOCHA,348,plant
Cold_MOCHA,761,animal
Cold_MOCHA,446,animal
Cold_MOCHA,943,plant
Cold_MOCHA,96,animal
Cold_MOCHA,509,plant
Cold_MOCHA,194,plant
Cold_MOCHA,691,animal
Cold_MOCHA,880,plant
Cold_MOCHA,257,plant
Cold_MOCHA,594,animal
Cold_MOCHA,503,plant
Cold_MOCHA,272,animal
Cold_MOCHA,237,plant
Cold_MOCHA,342,animal
Cold_MOCHA,251,plant
Cold_MOCHA,20,animal
Cold_MOCHA,245,plant
Cold_MOCHA,562,plant
Cold_MOCHA,611,animal
Cold_MOCHA,184,animal
Cold_MOCHA,1045,animal
Cold_MOCHA,310,plant
Cold_MOCHA,359,plant
Cold_MOCHA,968,plant
Cold_MOCHA,793,plant
Cold_MOCHA,34,animal
Cold_MOCHA,111,plant
Cold_MOCHA,888,animal
Cold_MOCHA,685,animal
Cold_MOCHA,161,animal
Cold_MOCHA,882,animal
Cold_MOCHA,343,plant
Cold_MOCHA,532,animal
Cold_MOCHA,945,animal
Cold_MOCHA,630,animal
Cold_MOCHA,91,animal
Cold_MOCHA,280,animal
Cold_MOCHA,693,plant
Cold_MOCHA,378,animal
Cold_MOCHA,875,animal
Cold_MOCHA,28,animal
Cold_MOCHA,441,plant
Cold_MOCHA,126,animal
Cold_MOCHA,623,animal
Cold_MOCHA,812,animal
Cold_MOCHA,189,plant
Cold_MOCHA,910,animal
Cold_MOCHA,371,animal
Cold_MOCHA,560,plant
Cold_MOCHA,973,animal
Cold_MOCHA,658,animal
Cold_MOCHA,119,plant
Cold_MOCHA,308,plant
Cold_MOCHA,721,animal
Cold_MOCHA,406,plant
Cold_MOCHA,903,animal
Cold_MOCHA,56,animal
Cold_MOCHA,469,plant
Cold_MOCHA,154,animal
Cold_MOCHA,651,plant
Cold_MOCHA,840,plant
Cold_MOCHA,217,plant
Cold_MOCHA,938,animal
Cold_MOCHA,399,plant
Cold_MOCHA,588,plant
Cold_MOCHA,1001,animal
Cold_MOCHA,686,plant
Cold_MOCHA,991,plant
Cold_MOCHA,368,animal
Cold_MOCHA,53,plant
Cold_MOCHA,550,plant
Cold_MOCHA,739,animal
Cold_MOCHA,116,animal
Cold_MOCHA,837,animal
Cold_MOCHA,298,plant
Cold_MOCHA,487,plant
Double_cappuccino,228,animal
Double_cappuccino,192,animalplant
Double_cappuccino,585,animal
Double_cappuccino,549,plant
Double_cappuccino,970,plant
Double_cappuccino,934,plant
Double_cappuccino,487,plant
Double_cappuccino,451,plant
Double_cappuccino,1012,animal
Double_cappuccino,976,plant
Double_cappuccino,333,plant
Double_cappuccino,297,animal
Double_cappuccino,718,animal
Double_cappuccino,682,animal
Double_cappuccino,235,plant
Double_cappuccino,199,plant
Double_cappuccino,760,animal
Double_cappuccino,724,animal
Double_cappuccino,81,plant
Double_cappuccino,45,plant
Double_cappuccino,594,animal
Double_cappuccino,558,plant
Double_cappuccino,307,plant
Double_cappuccino,271,animal
Double_cappuccino,972,animal
Double_cappuccino,936,plant
Double_cappuccino,97,animal
Double_cappuccino,61,plant
Double_cappuccino,342,animal
Double_cappuccino,306,plant
Double_cappuccino,55,plant
Double_cappuccino,19,animal
Double_cappuccino,496,plant
Double_cappuccino,49,plant
Double_cappuccino,1049,plant
Double_cappuccino,574,animal
Double_cappuccino,538,animal
Double_cappuccino,931,plant
Double_cappuccino,895,animal
Double_cappuccino,280,plant
Double_cappuccino,244,plant
Double_cappuccino,833,plant
Double_cappuccino,797,plant
Double_cappuccino,322,plant
Double_cappuccino,286,plant
Double_cappuccino,679,animal
Double_cappuccino,643,plant
Double_cappuccino,28,animal
Double_cappuccino,1028,animal
Double_cappuccino,581,plant
Double_cappuccino,545,animal
Double_cappuccino,70,plant
Double_cappuccino,34,plant
Double_cappuccino,427,animal
Double_cappuccino,391,animal
Double_cappuccino,64,plant
Double_cappuccino,28,plant
Double_cappuccino,281,animal
Double_cappuccino,245,plant
Double_cappuccino,862,animal
Double_cappuccino,826,animal
Double_cappuccino,519,animal
Double_cappuccino,483,plant
Double_cappuccino,848,plant
Double_cappuccino,812,animal
Double_cappuccino,29,animal
Double_cappuccino,1029,plant
Double_cappuccino,610,plant
Double_cappuccino,574,animal
Double_cappuccino,331,animal
Double_cappuccino,295,plant
Double_cappuccino,242,animal
Double_cappuccino,724,animal
Double_cappuccino,613,plant
Double_cappuccino,577,plant
Double_cappuccino,46,animal
Double_cappuccino,1046,animal
Double_cappuccino,67,animal
Double_cappuccino,31,plant
Double_cappuccino,508,animal
Double_cappuccino,472,plant
Double_cappuccino,361,animal
Double_cappuccino,325,plant
Double_cappuccino,830,animal
Double_cappuccino,794,plant
Double_cappuccino,851,animal
Double_cappuccino,815,plant
Double_cappuccino,256,animal
Double_cappuccino,756,animal
Double_cappuccino,365,plant
Double_cappuccino,329,plant
Double_cappuccino,190,animal
Double_cappuccino,154,animal
Double_cappuccino,491,animal
Double_cappuccino,455,animal
Double_cappuccino,540,plant
Double_cappuccino,44,plant
Double_cappuccino,1044,plant
Double_cappuccino,961,plant
Double_cappuccino,925,animal
Double_cappuccino,562,plant
Double_cappuccino,526,plant
Double_cappuccino,555,animal
Double_cappuccino,519,animal
Double_cappuccino,828,plant
Double_cappuccino,792,plant
Double_cappuccino,709,plant
Double_cappuccino,673,plant
Double_cappuccino,310,plant
Double_cappuccino,274,animal
Double_cappuccino,303,plant
Double_cappuccino,267,animal
Double_cappuccino,576,plant
Double_cappuccino,540,animal
Double_cappuccino,457,animal
Double_cappuccino,421,animal
Double_cappuccino,58,plant
Double_cappuccino,22,animal
Double_cappuccino,51,plant
Double_cappuccino,1051,animal
Double_cappuccino,324,plant
Double_cappuccino,288,plant
Double_cappuccino,205,plant
Double_cappuccino,169,plant
Double_cappuccino,842,animal
Double_cappuccino,806,plant
Double_cappuccino,835,animal
Double_cappuccino,799,animal
Double_cappuccino,72,plant
Double_cappuccino,36,animal
Double_cappuccino,989,plant
Double_cappuccino,953,plant
Double_cappuccino,590,animal
Double_cappuccino,554,animal
Double_cappuccino,583,animal
Double_cappuccino,547,plant
Double_cappuccino,856,plant
Double_cappuccino,820,plant
Double_cappuccino,737,animal
Double_cappuccino,701,plant
Double_cappuccino,338,plant
Double_cappuccino,302,animal
Double_cappuccino,331,plant
Double_cappuccino,295,plant
Double_cappuccino,604,animal
Double_cappuccino,568,animal
Double_cappuccino,485,animal
Double_cappuccino,449,animal
Double_cappuccino,86,plant
Double_cappuccino,50,animal
Double_cappuccino,79,plant
Double_cappuccino,43,animal
Double_cappuccino,352,animal
Double_cappuccino,316,animal
Double_cappuccino,233,plant
Double_cappuccino,197,plant
Double_cappuccino,870,animal
Double_cappuccino,834,plant
Double_cappuccino,863,animal
Double_cappuccino,827,plant
Double_cappuccino,100,plant
Double_cappuccino,64,animal
Double_cappuccino,1017,plant
Double_cappuccino,981,animal
Double_cappuccino,618,plant
Double_cappuccino,582,plant
Double_cappuccino,611,animal
Double_cappuccino,575,animal
Double_cappuccino,884,animal
Double_cappuccino,848,plant
Double_cappuccino,765,plant
Double_cappuccino,729,animal
Double_cappuccino,366,plant
Double_cappuccino,978,animal
Double_cappuccino,251,plant
Double_cappuccino,215,animal
Double_cappuccino,132,plant
Double_cappuccino,96,plant
Double_cappuccino,769,animal
Double_cappuccino,733,animal
Double_cappuccino,762,plant
Double_cappuccino,726,plant
Double_cappuccino,1035,plant
Double_cappuccino,999,animal
Double_cappuccino,916,plant
Double_cappuccino,880,animal
Double_cappuccino,517,animal
Double_cappuccino,481,plant
Double_cappuccino,510,plant
Double_cappuccino,474,plant
Double_cappuccino,783,animal
Double_cappuccino,747,animal
Double_LATTE,667,plant
Double_LATTE,156,plant
Double_LATTE,513,plant
Double_LATTE,898,animal
Double_LATTE,415,animal
Double_LATTE,940,animal
Double_LATTE,261,plant
Double_LATTE,646,plant
Double_LATTE,163,plant
Double_LATTE,688,plant
Double_LATTE,277,animal
Double_LATTE,522,animal
Double_LATTE,235,animal
Double_LATTE,900,plant
Double_LATTE,25,animal
Double_LATTE,270,animal
Double_LATTE,460,animal
Double_LATTE,1013,plant
Double_LATTE,502,plant
Double_LATTE,859,animal
Double_LATTE,208,animal
Double_LATTE,761,animal
Double_LATTE,250,plant
Double_LATTE,607,animal
Double_LATTE,992,animal
Double_LATTE,509,animal
Double_LATTE,1034,animal
Double_LATTE,699,animal
Double_LATTE,1028,animal
Double_LATTE,209,animal
Double_LATTE,790,animal
Double_LATTE,447,animal
Double_LATTE,776,plant
Double_LATTE,993,plant
Double_LATTE,154,plant
Double_LATTE,247,plant
Double_LATTE,688,plant
Double_LATTE,541,animal
Double_LATTE,1010,plant
Double_LATTE,1031,plant
Double_LATTE,436,plant
Double_LATTE,289,animal
Double_LATTE,758,animal
Double_LATTE,779,animal
Double_LATTE,720,animal
Double_LATTE,293,animal
Double_LATTE,118,plant
Double_LATTE,735,plant
Double_LATTE,1008,plant
Double_LATTE,889,animal
Double_LATTE,490,plant
Double_LATTE,483,plant
Double_LATTE,756,plant
Double_LATTE,637,plant
Double_LATTE,238,plant
Double_LATTE,231,plant
Double_LATTE,504,animal
Double_LATTE,385,plant
Double_LATTE,1022,animal
Double_LATTE,1015,animal
Double_LATTE,252,plant
Double_LATTE,133,animal
Double_LATTE,770,animal
Double_LATTE,763,plant
Double_LATTE,1036,plant
Double_LATTE,917,plant
Double_LATTE,518,plant
Double_LATTE,511,plant
Double_LATTE,784,plant
Double_LATTE,665,plant
Double_LATTE,266,plant
Double_LATTE,259,animal
Double_LATTE,532,animal
Double_LATTE,413,plant
Double_LATTE,1050,animal
Double_LATTE,1043,plant
Double_LATTE,280,animal
Double_LATTE,161,animal
Double_LATTE,798,plant
Double_LATTE,791,animal
Double_LATTE,28,animal
Double_LATTE,945,plant
Double_LATTE,546,animal
Double_LATTE,539,animal
Double_LATTE,812,animal
Double_LATTE,949,plant
Double_LATTE,942,plant
Double_LATTE,179,animal
Double_LATTE,60,plant
Double_LATTE,697,animal
Double_LATTE,690,animal
Double_LATTE,963,animal
Double_LATTE,844,plant
Double_LATTE,445,plant
Double_LATTE,438,plant
Double_MOCHA,621,animal
Double_MOCHA,1006,plant
Double_MOCHA,523,animal
Double_MOCHA,1048,plant
Double_MOCHA,369,animal
Double_MOCHA,754,plant
Double_MOCHA,271,plant
Double_MOCHA,796,plant
Double_MOCHA,117,animal
Double_MOCHA,502,animal
Double_MOCHA,343,plant
Double_MOCHA,1008,plant
Double_MOCHA,133,animal
Double_MOCHA,378,animal
Double_MOCHA,91,animal
Double_MOCHA,756,plant
Double_MOCHA,85,animal
Double_MOCHA,610,plant
Double_MOCHA,967,plant
Double_MOCHA,316,plant
Double_MOCHA,869,animal
Double_MOCHA,358,plant
Double_MOCHA,715,plant
Double_MOCHA,64,animal
Double_MOCHA,617,animal
Double_MOCHA,106,animal
Double_MOCHA,463,plant
Double_MOCHA,848,plant
Double_MOCHA,317,animal
Double_MOCHA,898,animal
Double_MOCHA,555,animal
Double_MOCHA,884,animal
Double_MOCHA,65,animal
Double_MOCHA,646,plant
Double_MOCHA,303,animal
Double_MOCHA,276,animal
Double_MOCHA,649,plant
Double_MOCHA,82,plant
Double_MOCHA,103,plant
Double_MOCHA,544,plant
Double_MOCHA,397,plant
Double_MOCHA,866,plant
Double_MOCHA,887,plant
Double_MOCHA,292,animal
Double_MOCHA,401,animal
Double_MOCHA,226,plant
Double_MOCHA,527,plant
Double_MOCHA,576,plant
Double_MOCHA,997,animal
Double_MOCHA,598,plant
Double_MOCHA,591,plant
Double_MOCHA,864,animal
Double_MOCHA,745,plant
Double_MOCHA,346,animal
Double_MOCHA,339,animal
Double_MOCHA,612,animal
Double_MOCHA,493,plant
Double_MOCHA,94,animal
Double_MOCHA,87,plant
Double_MOCHA,360,animal
Double_MOCHA,241,plant
Double_MOCHA,878,animal
Double_MOCHA,871,plant
Double_MOCHA,108,animal
Double_MOCHA,1025,plant
Double_MOCHA,626,animal
Double_MOCHA,619,plant
Double_MOCHA,892,animal
Double_MOCHA,773,animal
Double_MOCHA,374,plant
Double_MOCHA,367,plant
Double_MOCHA,640,plant
Double_MOCHA,521,animal
Double_MOCHA,122,animal
Double_MOCHA,115,animal
Double_MOCHA,388,animal
Double_MOCHA,269,animal
Double_MOCHA,906,animal
Double_MOCHA,899,animal
Double_MOCHA,136,plant
Double_MOCHA,17,plant
Double_MOCHA,654,plant
Double_MOCHA,647,plant
Double_MOCHA,920,animal
Double_MOCHA,801,plant
Double_MOCHA,402,plant
Double_MOCHA,287,plant
Double_MOCHA,168,animal
Double_MOCHA,805,plant
Double_MOCHA,798,animal
Double_MOCHA,35,plant
Double_MOCHA,952,animal
Double_MOCHA,553,animal
Double_MOCHA,546,plant
Double_MOCHA,819,animal
Double_MOCHA,700,animal
ICY_cappuccino,814,animal
ICY_cappuccino,1011,animal
ICY_cappuccino,975,animal
ICY_cappuccino,220,plant
ICY_cappuccino,184,plant
ICY_cappuccino,969,animal
ICY_cappuccino,933,animal
ICY_cappuccino,598,animal
ICY_cappuccino,562,animal
ICY_cappuccino,759,animal
ICY_cappuccino,723,plant
ICY_cappuccino,1004,plant
ICY_cappuccino,968,animal
ICY_cappuccino,717,plant
ICY_cappuccino,681,plant
ICY_cappuccino,346,animal
ICY_cappuccino,310,plant
ICY_cappuccino,507,plant
ICY_cappuccino,471,animal
ICY_cappuccino,752,plant
ICY_cappuccino,360,animal
ICY_cappuccino,697,plant
ICY_cappuccino,661,animal
ICY_cappuccino,746,plant
ICY_cappuccino,710,animal
ICY_cappuccino,319,plant
ICY_cappuccino,283,animal
ICY_cappuccino,144,plant
ICY_cappuccino,108,plant
ICY_cappuccino,445,plant
ICY_cappuccino,409,animal
ICY_cappuccino,98,animal
ICY_cappuccino,62,plant
ICY_cappuccino,931,plant
ICY_cappuccino,895,animal
ICY_cappuccino,28,animal
ICY_cappuccino,1028,plant
ICY_cappuccino,105,animal
ICY_cappuccino,69,plant
ICY_cappuccino,882,plant
ICY_cappuccino,846,animal
ICY_cappuccino,679,plant
ICY_cappuccino,643,animal
ICY_cappuccino,812,plant
ICY_cappuccino,776,animal
ICY_cappuccino,889,animal
ICY_cappuccino,853,plant
ICY_cappuccino,630,plant
ICY_cappuccino,594,plant
ICY_cappuccino,427,plant
ICY_cappuccino,391,plant
ICY_cappuccino,560,animal
ICY_cappuccino,524,plant
ICY_cappuccino,653,plant
ICY_cappuccino,617,animal
ICY_cappuccino,30,animal
ICY_cappuccino,1030,animal
ICY_cappuccino,751,animal
ICY_cappuccino,715,animal
ICY_cappuccino,212,animal
ICY_cappuccino,176,plant
ICY_cappuccino,401,plant
ICY_cappuccino,365,plant
ICY_cappuccino,814,plant
ICY_cappuccino,778,animal
ICY_cappuccino,499,plant
ICY_cappuccino,463,plant
ICY_cappuccino,996,animal
ICY_cappuccino,388,plant
ICY_cappuccino,417,animal
ICY_cappuccino,525,animal
ICY_cappuccino,666,plant
ICY_cappuccino,630,plant
ICY_cappuccino,575,plant
ICY_cappuccino,539,animal
ICY_cappuccino,344,plant
ICY_cappuccino,308,animal
ICY_cappuccino,309,plant
ICY_cappuccino,273,animal
ICY_cappuccino,414,plant
ICY_cappuccino,378,plant
ICY_cappuccino,323,animal
ICY_cappuccino,287,plant
ICY_cappuccino,92,animal
ICY_cappuccino,56,animal
ICY_cappuccino,57,plant
ICY_cappuccino,22,plant
ICY_cappuccino,982,plant
ICY_cappuccino,946,plant
ICY_cappuccino,107,animal
ICY_cappuccino,71,plant
ICY_cappuccino,352,plant
ICY_cappuccino,316,animal
ICY_cappuccino,65,animal
ICY_cappuccino,491,plant
ICY_cappuccino,744,plant
ICY_cappuccino,708,animal
ICY_cappuccino,289,plant
ICY_cappuccino,253,animal
ICY_cappuccino,982,animal
ICY_cappuccino,946,plant
ICY_cappuccino,275,plant
ICY_cappuccino,239,plant
ICY_cappuccino,492,plant
ICY_cappuccino,456,plant
ICY_cappuccino,37,plant
ICY_cappuccino,1037,plant
ICY_cappuccino,730,plant
ICY_cappuccino,694,plant
ICY_cappuccino,23,animal
ICY_cappuccino,1023,animal
ICY_cappuccino,240,animal
ICY_cappuccino,204,plant
ICY_cappuccino,821,animal
ICY_cappuccino,785,plant
ICY_cappuccino,478,plant
ICY_cappuccino,442,plant
ICY_cappuccino,807,plant
ICY_cappuccino,771,animal
ICY_cappuccino,1024,animal
ICY_cappuccino,988,plant
ICY_cappuccino,569,animal
ICY_cappuccino,533,animal
ICY_cappuccino,226,animal
ICY_cappuccino,190,plant
ICY_cappuccino,555,animal
ICY_cappuccino,519,animal
ICY_cappuccino,772,animal
ICY_cappuccino,736,plant
ICY_cappuccino,317,plant
ICY_cappuccino,281,plant
ICY_cappuccino,1010,plant
ICY_cappuccino,974,animal
ICY_cappuccino,303,animal
ICY_cappuccino,267,animal
ICY_cappuccino,520,plant
ICY_cappuccino,484,plant
ICY_cappuccino,65,animal
ICY_cappuccino,29,plant
ICY_cappuccino,758,plant
ICY_cappuccino,722,plant
ICY_cappuccino,51,animal
ICY_cappuccino,1051,animal
ICY_cappuccino,268,plant
ICY_cappuccino,232,animal
ICY_cappuccino,849,plant
ICY_cappuccino,813,plant
ICY_cappuccino,506,animal
ICY_cappuccino,470,plant
ICY_cappuccino,835,animal
ICY_cappuccino,799,plant
ICY_cappuccino,1052,animal
ICY_cappuccino,1016,animal
ICY_cappuccino,597,animal
ICY_cappuccino,561,plant
ICY_cappuccino,254,animal
ICY_cappuccino,218,plant
ICY_cappuccino,583,plant
ICY_cappuccino,547,plant
ICY_cappuccino,800,plant
ICY_cappuccino,764,plant
ICY_cappuccino,345,plant
ICY_cappuccino,309,plant
ICY_cappuccino,1038,plant
ICY_cappuccino,1002,animal
ICY_cappuccino,331,animal
ICY_cappuccino,295,animal
ICY_cappuccino,548,plant
ICY_cappuccino,512,plant
ICY_cappuccino,93,plant
ICY_cappuccino,73,animal
ICY_cappuccino,438,plant
ICY_cappuccino,402,animal
ICY_cappuccino,655,plant
ICY_cappuccino,619,plant
ICY_cappuccino,200,animal
ICY_cappuccino,164,plant
ICY_cappuccino,893,animal
ICY_cappuccino,857,animal
ICY_cappuccino,186,animal
ICY_cappuccino,150,animal
ICY_cappuccino,403,plant
ICY_cappuccino,367,plant
ICY_cappuccino,984,plant
ICY_cappuccino,948,animal
ICY_cappuccino,641,animal
ICY_cappuccino,605,plant
ICY_cappuccino,970,plant
ICY_cappuccino,934,plant
ICY_cappuccino,151,plant
ICY_LATTE,113,animal
ICY_LATTE,778,animal
ICY_LATTE,939,plant
ICY_LATTE,148,animal
ICY_LATTE,897,animal
ICY_LATTE,526,animal
ICY_LATTE,687,plant
ICY_LATTE,932,plant
ICY_LATTE,645,animal
ICY_LATTE,274,animal
ICY_LATTE,499,plant
ICY_LATTE,324,plant
ICY_LATTE,625,plant
ICY_LATTE,674,animal
ICY_LATTE,247,plant
ICY_LATTE,72,animal
ICY_LATTE,285,animal
ICY_LATTE,26,plant
ICY_LATTE,859,animal
ICY_LATTE,992,plant
ICY_LATTE,33,plant
ICY_LATTE,810,plant
ICY_LATTE,607,animal
ICY_LATTE,740,plant
ICY_LATTE,817,plant
ICY_LATTE,558,animal
ICY_LATTE,355,animal
ICY_LATTE,392,plant
ICY_LATTE,581,plant
ICY_LATTE,994,plant
ICY_LATTE,679,animal
ICY_LATTE,140,plant
ICY_LATTE,329,plant
ICY_LATTE,742,plant
ICY_LATTE,427,plant
ICY_LATTE,352,plant
ICY_LATTE,489,plant
ICY_LATTE,594,plant
ICY_LATTE,503,animal
ICY_LATTE,272,animal
ICY_LATTE,237,plant
ICY_LATTE,342,animal
ICY_LATTE,251,animal
ICY_LATTE,20,plant
ICY_LATTE,245,animal
ICY_LATTE,910,plant
ICY_LATTE,35,animal
ICY_LATTE,280,animal
ICY_LATTE,455,plant
ICY_LATTE,672,animal
ICY_LATTE,217,plant
ICY_LATTE,910,plant
ICY_LATTE,203,animal
ICY_LATTE,420,plant
ICY_LATTE,1001,animal
ICY_LATTE,658,animal
ICY_LATTE,987,plant
ICY_LATTE,168,plant
ICY_LATTE,749,animal
ICY_LATTE,406,plant
ICY_LATTE,735,plant
ICY_LATTE,952,animal
ICY_LATTE,497,animal
ICY_LATTE,154,animal
ICY_LATTE,483,plant
ICY_LATTE,700,plant
ICY_LATTE,245,animal
ICY_LATTE,938,animal
ICY_LATTE,231,plant
ICY_LATTE,448,animal
ICY_LATTE,1029,plant
ICY_LATTE,686,animal
ICY_LATTE,1015,animal
ICY_LATTE,196,animal
ICY_LATTE,777,animal
ICY_LATTE,434,plant
ICY_LATTE,763,animal
ICY_LATTE,980,animal
ICY_LATTE,525,plant
ICY_LATTE,182,plant
ICY_LATTE,511,plant
ICY_LATTE,728,plant
ICY_LATTE,273,animal
ICY_LATTE,966,animal
ICY_LATTE,259,animal
ICY_LATTE,476,plant
ICY_LATTE,37,animal
ICY_LATTE,366,plant
ICY_LATTE,583,plant
ICY_LATTE,128,animal
ICY_LATTE,821,plant
ICY_LATTE,114,plant
ICY_LATTE,331,animal
ICY_LATTE,912,animal
ICY_LATTE,569,animal
ICY_MOCHA,1047,plant
ICY_MOCHA,256,animal
ICY_MOCHA,1005,plant
ICY_MOCHA,634,plant
ICY_MOCHA,795,plant
ICY_MOCHA,1040,plant
ICY_MOCHA,753,plant
ICY_MOCHA,382,animal
ICY_MOCHA,543,plant
ICY_MOCHA,788,animal
ICY_MOCHA,733,plant
ICY_MOCHA,782,animal
ICY_MOCHA,355,animal
ICY_MOCHA,180,animal
ICY_MOCHA,481,plant
ICY_MOCHA,530,plant
ICY_MOCHA,967,animal
ICY_MOCHA,64,plant
ICY_MOCHA,141,animal
ICY_MOCHA,918,plant
ICY_MOCHA,715,plant
ICY_MOCHA,848,plant
ICY_MOCHA,925,animal
ICY_MOCHA,666,animal
ICY_MOCHA,463,plant
ICY_MOCHA,596,plant
ICY_MOCHA,673,plant
ICY_MOCHA,66,animal
ICY_MOCHA,787,animal
ICY_MOCHA,248,animal
ICY_MOCHA,437,plant
ICY_MOCHA,850,plant
ICY_MOCHA,535,animal
ICY_MOCHA,1032,animal
ICY_MOCHA,453,plant
ICY_MOCHA,702,plant
ICY_MOCHA,611,animal
ICY_MOCHA,380,plant
ICY_MOCHA,345,animal
ICY_MOCHA,450,plant
ICY_MOCHA,359,plant
ICY_MOCHA,128,plant
ICY_MOCHA,93,plant
ICY_MOCHA,198,animal
ICY_MOCHA,143,animal
ICY_MOCHA,388,animal
ICY_MOCHA,101,animal
ICY_MOCHA,325,plant
ICY_MOCHA,1018,plant
ICY_MOCHA,311,animal
ICY_MOCHA,528,animal
ICY_MOCHA,73,plant
ICY_MOCHA,766,plant
ICY_MOCHA,59,plant
ICY_MOCHA,276,animal
ICY_MOCHA,857,plant
ICY_MOCHA,514,plant
ICY_MOCHA,843,animal
ICY_MOCHA,24,plant
ICY_MOCHA,605,plant
ICY_MOCHA,262,plant
ICY_MOCHA,591,animal
ICY_MOCHA,808,animal
ICY_MOCHA,353,plant
ICY_MOCHA,1046,plant
ICY_MOCHA,339,animal
ICY_MOCHA,556,animal
ICY_MOCHA,101,plant
ICY_MOCHA,794,plant
ICY_MOCHA,87,plant
ICY_MOCHA,304,plant
ICY_MOCHA,885,animal
ICY_MOCHA,542,plant
ICY_MOCHA,871,animal
ICY_MOCHA,52,animal
ICY_MOCHA,633,plant
ICY_MOCHA,290,plant
ICY_MOCHA,619,animal
ICY_MOCHA,836,animal
ICY_MOCHA,381,animal
ICY_MOCHA,38,plant
ICY_MOCHA,367,animal
ICY_MOCHA,584,plant
ICY_MOCHA,129,animal
ICY_MOCHA,822,animal
ICY_MOCHA,691,plant
ICY_MOCHA,236,animal
ICY_MOCHA,929,animal
ICY_MOCHA,222,plant
ICY_MOCHA,439,animal
ICY_MOCHA,1020,plant
ICY_MOCHA,677,animal
ICY_MOCHA,1006,animal
ICY_MOCHA,187,plant
LARGE_cappuccino,1022,animal
LARGE_cappuccino,127,plant
LARGE_cappuccino,91,animal
LARGE_cappuccino,36,animal
LARGE_cappuccino,1036,plant
LARGE_cappuccino,841,plant
LARGE_cappuccino,805,plant
LARGE_cappuccino,806,plant
LARGE_cappuccino,770,animal
LARGE_cappuccino,911,plant
LARGE_cappuccino,875,animal
LARGE_cappuccino,820,animal
LARGE_cappuccino,784,animal
LARGE_cappuccino,589,plant
LARGE_cappuccino,553,plant
LARGE_cappuccino,554,plant
LARGE_cappuccino,518,plant
LARGE_cappuccino,659,animal
LARGE_cappuccino,623,plant
LARGE_cappuccino,568,plant
LARGE_cappuccino,820,animal
LARGE_cappuccino,289,animal
LARGE_cappuccino,253,plant
LARGE_cappuccino,310,plant
LARGE_cappuccino,274,plant
LARGE_cappuccino,751,plant
LARGE_cappuccino,715,plant
LARGE_cappuccino,604,plant
LARGE_cappuccino,568,plant
LARGE_cappuccino,37,animal
LARGE_cappuccino,1037,plant
LARGE_cappuccino,58,animal
LARGE_cappuccino,935,plant
LARGE_cappuccino,824,animal
LARGE_cappuccino,788,plant
LARGE_cappuccino,257,animal
LARGE_cappuccino,221,animal
LARGE_cappuccino,278,plant
LARGE_cappuccino,242,plant
LARGE_cappuccino,719,plant
LARGE_cappuccino,683,plant
LARGE_cappuccino,572,animal
LARGE_cappuccino,536,plant
LARGE_cappuccino,1041,animal
LARGE_cappuccino,1005,animal
LARGE_cappuccino,26,animal
LARGE_cappuccino,1026,plant
LARGE_cappuccino,467,plant
LARGE_cappuccino,431,animal
LARGE_cappuccino,320,animal
LARGE_cappuccino,284,animal
LARGE_cappuccino,789,animal
LARGE_cappuccino,753,plant
LARGE_cappuccino,810,animal
LARGE_cappuccino,902,animal
LARGE_cappuccino,539,plant
LARGE_cappuccino,503,plant
LARGE_cappuccino,532,animal
LARGE_cappuccino,496,plant
LARGE_cappuccino,805,animal
LARGE_cappuccino,769,animal
LARGE_cappuccino,686,animal
LARGE_cappuccino,650,plant
LARGE_cappuccino,287,animal
LARGE_cappuccino,251,plant
LARGE_cappuccino,280,plant
LARGE_cappuccino,244,animal
LARGE_cappuccino,553,animal
LARGE_cappuccino,517,animal
LARGE_cappuccino,506,plant
LARGE_cappuccino,470,plant
LARGE_cappuccino,867,animal
LARGE_cappuccino,831,animal
LARGE_cappuccino,580,animal
LARGE_cappuccino,544,plant
LARGE_cappuccino,209,animal
LARGE_cappuccino,173,animal
LARGE_cappuccino,370,plant
LARGE_cappuccino,334,animal
LARGE_cappuccino,615,animal
LARGE_cappuccino,579,plant
LARGE_cappuccino,328,animal
LARGE_cappuccino,292,animal
LARGE_cappuccino,993,plant
LARGE_cappuccino,957,plant
LARGE_cappuccino,118,animal
LARGE_cappuccino,82,plant
LARGE_cappuccino,363,plant
LARGE_cappuccino,671,plant
LARGE_cappuccino,364,plant
LARGE_cappuccino,328,animal
LARGE_cappuccino,693,plant
LARGE_cappuccino,657,animal
LARGE_cappuccino,910,animal
LARGE_cappuccino,874,animal
LARGE_cappuccino,672,plant
LARGE_cappuccino,636,animal
LARGE_cappuccino,833,plant
LARGE_cappuccino,797,plant
LARGE_cappuccino,42,plant
LARGE_cappuccino,1042,plant
LARGE_cappuccino,791,plant
LARGE_cappuccino,755,animal
LARGE_cappuccino,420,animal
LARGE_cappuccino,384,animal
LARGE_cappuccino,581,animal
LARGE_cappuccino,545,animal
LARGE_cappuccino,826,animal
LARGE_cappuccino,790,plant
LARGE_cappuccino,539,plant
LARGE_cappuccino,503,animal
LARGE_cappuccino,168,plant
LARGE_cappuccino,132,plant
LARGE_cappuccino,329,plant
LARGE_cappuccino,293,animal
LARGE_cappuccino,574,animal
LARGE_cappuccino,538,plant
LARGE_cappuccino,287,animal
LARGE_cappuccino,251,animal
LARGE_cappuccino,952,animal
LARGE_cappuccino,916,plant
LARGE_cappuccino,77,plant
LARGE_cappuccino,41,plant
LARGE_cappuccino,322,animal
LARGE_cappuccino,286,animal
LARGE_cappuccino,35,plant
LARGE_cappuccino,1035,plant
LARGE_cappuccino,700,animal
LARGE_cappuccino,664,animal
LARGE_cappuccino,861,animal
LARGE_cappuccino,825,plant
LARGE_cappuccino,70,animal
LARGE_cappuccino,34,animal
LARGE_cappuccino,819,animal
LARGE_cappuccino,783,plant
LARGE_cappuccino,448,animal
LARGE_cappuccino,412,animal
LARGE_cappuccino,609,animal
LARGE_cappuccino,573,plant
LARGE_cappuccino,854,plant
LARGE_cappuccino,818,animal
LARGE_cappuccino,567,plant
LARGE_cappuccino,531,plant
LARGE_cappuccino,196,plant
LARGE_cappuccino,160,animal
LARGE_cappuccino,357,plant
LARGE_cappuccino,321,animal
LARGE_cappuccino,602,animal
LARGE_cappuccino,566,animal
LARGE_cappuccino,315,animal
LARGE_cappuccino,279,animal
LARGE_cappuccino,980,plant
LARGE_cappuccino,944,plant
LARGE_cappuccino,105,plant
LARGE_cappuccino,69,plant
LARGE_cappuccino,350,plant
LARGE_cappuccino,314,animal
LARGE_cappuccino,63,plant
LARGE_cappuccino,27,plant
LARGE_cappuccino,728,animal
LARGE_cappuccino,692,animal
LARGE_cappuccino,889,animal
LARGE_cappuccino,853,animal
LARGE_cappuccino,98,plant
LARGE_cappuccino,62,plant
LARGE_cappuccino,847,plant
LARGE_cappuccino,811,animal
LARGE_cappuccino,476,plant
LARGE_cappuccino,440,plant
LARGE_cappuccino,637,plant
LARGE_cappuccino,601,plant
LARGE_cappuccino,954,plant
LARGE_cappuccino,918,plant
LARGE_cappuccino,583,animal
LARGE_cappuccino,547,animal
LARGE_cappuccino,744,animal
LARGE_cappuccino,708,animal
LARGE_cappuccino,989,animal
LARGE_cappuccino,953,plant
LARGE_cappuccino,702,animal
LARGE_cappuccino,666,plant
LARGE_cappuccino,331,animal
LARGE_cappuccino,295,plant
LARGE_cappuccino,492,plant
LARGE_cappuccino,456,plant
LARGE_cappuccino,737,animal
LARGE_cappuccino,701,animal
LARGE_cappuccino,450,plant
LARGE_cappuccino,414,animal
LARGE_cappuccino,79,plant
LARGE_LATTE,986,plant
LARGE_LATTE,55,plant
LARGE_LATTE,1000,animal
LARGE_LATTE,769,animal
LARGE_LATTE,734,animal
LARGE_LATTE,839,animal
LARGE_LATTE,748,plant
LARGE_LATTE,517,plant
LARGE_LATTE,482,plant
LARGE_LATTE,587,animal
LARGE_LATTE,784,animal
LARGE_LATTE,217,animal
LARGE_LATTE,238,animal
LARGE_LATTE,679,animal
LARGE_LATTE,532,plant
LARGE_LATTE,899,plant
LARGE_LATTE,752,plant
LARGE_LATTE,185,animal
LARGE_LATTE,206,plant
LARGE_LATTE,647,animal
LARGE_LATTE,500,plant
LARGE_LATTE,969,plant
LARGE_LATTE,990,plant
LARGE_LATTE,395,plant
LARGE_LATTE,248,plant
LARGE_LATTE,717,animal
LARGE_LATTE,866,plant
LARGE_LATTE,467,animal
LARGE_LATTE,460,animal
LARGE_LATTE,733,animal
LARGE_LATTE,614,animal
LARGE_LATTE,215,plant
LARGE_LATTE,208,plant
LARGE_LATTE,49,animal
LARGE_LATTE,550,plant
LARGE_LATTE,795,plant
LARGE_LATTE,508,plant
LARGE_LATTE,137,animal
LARGE_LATTE,298,plant
LARGE_LATTE,543,plant
LARGE_LATTE,256,animal
LARGE_LATTE,921,plant
LARGE_LATTE,54,plant
LARGE_LATTE,635,plant
LARGE_LATTE,292,animal
LARGE_LATTE,621,animal
LARGE_LATTE,971,plant
LARGE_LATTE,600,animal
LARGE_LATTE,761,animal
LARGE_LATTE,1006,plant
LARGE_LATTE,719,animal
LARGE_LATTE,348,plant
LARGE_LATTE,509,plant
LARGE_LATTE,754,plant
LARGE_LATTE,467,animal
LARGE_LATTE,96,plant
LARGE_LATTE,257,plant
LARGE_LATTE,502,plant
LARGE_LATTE,215,plant
LARGE_LATTE,880,plant
LARGE_LATTE,1041,animal
LARGE_LATTE,250,plant
LARGE_LATTE,999,animal
LARGE_LATTE,628,animal
LARGE_LATTE,789,plant
LARGE_LATTE,1034,plant
LARGE_LATTE,747,animal
LARGE_LATTE,376,plant
LARGE_LATTE,537,plant
LARGE_LATTE,782,plant
LARGE_LATTE,495,plant
LARGE_LATTE,124,plant
LARGE_LATTE,285,plant
LARGE_LATTE,530,animal
LARGE_LATTE,243,animal
LARGE_LATTE,908,plant
LARGE_LATTE,33,plant
LARGE_LATTE,278,animal
LARGE_LATTE,1027,plant
LARGE_LATTE,656,animal
LARGE_LATTE,817,plant
LARGE_LATTE,26,animal
LARGE_LATTE,775,animal
LARGE_LATTE,404,plant
LARGE_LATTE,133,plant
LARGE_LATTE,882,plant
LARGE_LATTE,511,animal
LARGE_LATTE,672,animalplant
LARGE_LATTE,917,animal
LARGE_LATTE,630,plant
LARGE_LATTE,259,plant
LARGE_LATTE,420,plant
LARGE_LATTE,665,animal
LARGE_LATTE,378,plant
LARGE_MOCHA,163,plant
LARGE_MOCHA,72,plant
LARGE_MOCHA,877,animal
LARGE_MOCHA,842,animal
LARGE_MOCHA,947,animal
LARGE_MOCHA,856,plant
LARGE_MOCHA,625,plant
LARGE_MOCHA,590,plant
LARGE_MOCHA,695,animal
LARGE_MOCHA,604,animal
LARGE_MOCHA,325,plant
LARGE_MOCHA,346,animal
LARGE_MOCHA,787,plant
LARGE_MOCHA,640,plant
LARGE_MOCHA,73,animal
LARGE_MOCHA,94,plant
LARGE_MOCHA,860,plant
LARGE_MOCHA,293,animal
LARGE_MOCHA,314,plant
LARGE_MOCHA,755,animal
LARGE_MOCHA,608,plant
LARGE_MOCHA,41,animal
LARGE_MOCHA,62,plant
LARGE_MOCHA,503,animal
LARGE_MOCHA,356,plant
LARGE_MOCHA,825,plant
LARGE_MOCHA,846,animal
LARGE_MOCHA,251,animal
LARGE_MOCHA,568,animal
LARGE_MOCHA,841,plant
LARGE_MOCHA,722,plant
LARGE_MOCHA,323,plant
LARGE_MOCHA,316,plant
LARGE_MOCHA,589,animal
LARGE_MOCHA,470,plant
LARGE_MOCHA,59,animal
LARGE_MOCHA,616,animal
LARGE_MOCHA,245,animal
LARGE_MOCHA,406,animal
LARGE_MOCHA,651,plant
LARGE_MOCHA,364,animal
LARGE_MOCHA,1029,animal
LARGE_MOCHA,154,animal
LARGE_MOCHA,399,animal
LARGE_MOCHA,400,animal
LARGE_MOCHA,729,plant
LARGE_MOCHA,946,animal
LARGE_MOCHA,491,animal
LARGE_MOCHA,869,animal
LARGE_MOCHA,78,plant
LARGE_MOCHA,827,animal
LARGE_MOCHA,456,animal
LARGE_MOCHA,617,animal
LARGE_MOCHA,862,plant
LARGE_MOCHA,575,animal
LARGE_MOCHA,204,animal
LARGE_MOCHA,365,plant
LARGE_MOCHA,610,animal
LARGE_MOCHA,323,animal
LARGE_MOCHA,988,plant
LARGE_MOCHA,113,plant
LARGE_MOCHA,358,animal
LARGE_MOCHA,71,plant
LARGE_MOCHA,736,animal
LARGE_MOCHA,897,animal
LARGE_MOCHA,106,plant
LARGE_MOCHA,855,animal
LARGE_MOCHA,484,plant
LARGE_MOCHA,645,plant
LARGE_MOCHA,890,plant
LARGE_MOCHA,603,animal
LARGE_MOCHA,232,plant
LARGE_MOCHA,393,plant
LARGE_MOCHA,638,animal
LARGE_MOCHA,351,plant
LARGE_MOCHA,1016,plant
LARGE_MOCHA,141,animal
LARGE_MOCHA,386,plant
LARGE_MOCHA,99,plant
LARGE_MOCHA,764,animal
LARGE_MOCHA,925,animal
LARGE_MOCHA,134,animal
LARGE_MOCHA,883,plant
LARGE_MOCHA,512,plant
LARGE_MOCHA,673,animal
LARGE_MOCHA,918,animalplant
LARGE_MOCHA,619,animal
LARGE_MOCHA,780,plant
LARGE_MOCHA,1025,plant
LARGE_MOCHA,738,plant
LARGE_MOCHA,367,plant
LARGE_MOCHA,528,plant
LARGE_MOCHA,773,animal
LARGE_MOCHA,486,plant
LARGE_MOCHA,115,plant
MED_cappuccino,310,animal
MED_cappuccino,423,animal
MED_cappuccino,387,animal
MED_cappuccino,164,plant
MED_cappuccino,128,plant
MED_cappuccino,997,animal
MED_cappuccino,961,animal
MED_cappuccino,94,plant
MED_cappuccino,58,plant
MED_cappuccino,171,animal
MED_cappuccino,135,plant
MED_cappuccino,948,plant
MED_cappuccino,912,animal
MED_cappuccino,745,animal
MED_cappuccino,709,plant
MED_cappuccino,878,animal
MED_cappuccino,842,plant
MED_cappuccino,955,animal
MED_cappuccino,919,plant
MED_cappuccino,696,plant
MED_cappuccino,160,animal
MED_cappuccino,749,plant
MED_cappuccino,713,plant
MED_cappuccino,238,plant
MED_cappuccino,202,animal
MED_cappuccino,595,animal
MED_cappuccino,559,plant
MED_cappuccino,980,animal
MED_cappuccino,944,plant
MED_cappuccino,497,plant
MED_cappuccino,461,plant
MED_cappuccino,1022,plant
MED_cappuccino,982,plant
MED_cappuccino,311,plant
MED_cappuccino,275,animal
MED_cappuccino,528,plant
MED_cappuccino,492,animal
MED_cappuccino,73,animal
MED_cappuccino,37,plant
MED_cappuccino,766,animal
MED_cappuccino,730,plant
MED_cappuccino,59,plant
MED_cappuccino,23,animal
MED_cappuccino,276,animal
MED_cappuccino,240,plant
MED_cappuccino,857,plant
MED_cappuccino,821,animal
MED_cappuccino,514,plant
MED_cappuccino,478,animal
MED_cappuccino,843,animal
MED_cappuccino,807,animal
MED_cappuccino,24,plant
MED_cappuccino,1024,plant
MED_cappuccino,605,animal
MED_cappuccino,569,animal
MED_cappuccino,378,plant
MED_cappuccino,342,plant
MED_cappuccino,399,animal
MED_cappuccino,363,animal
MED_cappuccino,840,plant
MED_cappuccino,804,animal
MED_cappuccino,693,animal
MED_cappuccino,657,plant
MED_cappuccino,126,plant
MED_cappuccino,90,animal
MED_cappuccino,147,animal
MED_cappuccino,111,animal
MED_cappuccino,588,plant
MED_cappuccino,552,animal
MED_cappuccino,697,plant
MED_cappuccino,661,animal
MED_cappuccino,530,plant
MED_cappuccino,494,animal
MED_cappuccino,131,plant
MED_cappuccino,95,animal
MED_cappuccino,124,plant
MED_cappuccino,88,animal
MED_cappuccino,397,animal
MED_cappuccino,361,plant
MED_cappuccino,278,plant
MED_cappuccino,242,animal
MED_cappuccino,915,animal
MED_cappuccino,879,animal
MED_cappuccino,908,animal
MED_cappuccino,872,plant
MED_cappuccino,145,plant
MED_cappuccino,109,plant
MED_cappuccino,26,plant
MED_cappuccino,62,animal
MED_cappuccino,651,plant
MED_cappuccino,615,plant
MED_cappuccino,140,animal
MED_cappuccino,104,animal
MED_cappuccino,497,plant
MED_cappuccino,461,plant
MED_cappuccino,882,plant
MED_cappuccino,873,plant
MED_cappuccino,650,plant
MED_cappuccino,614,animal
MED_cappuccino,447,plant
MED_cappuccino,411,animal
MED_cappuccino,580,plant
MED_cappuccino,544,animal
MED_cappuccino,657,animal
MED_cappuccino,621,animal
MED_cappuccino,398,plant
MED_cappuccino,362,animal
MED_cappuccino,195,plant
MED_cappuccino,159,animal
MED_cappuccino,328,plant
MED_cappuccino,292,plant
MED_cappuccino,405,plant
MED_cappuccino,369,plant
MED_cappuccino,146,animal
MED_cappuccino,110,plant
MED_cappuccino,979,animal
MED_cappuccino,943,animal
MED_cappuccino,76,plant
MED_cappuccino,40,animal
MED_cappuccino,153,plant
MED_cappuccino,117,plant
MED_cappuccino,930,animal
MED_cappuccino,894,animal
MED_cappuccino,727,animal
MED_cappuccino,691,plant
MED_cappuccino,860,plant
MED_cappuccino,824,plant
MED_cappuccino,937,animal
MED_cappuccino,901,plant
MED_cappuccino,678,plant
MED_cappuccino,642,animal
MED_cappuccino,475,plant
MED_cappuccino,439,plant
MED_cappuccino,608,animal
MED_cappuccino,572,animal
MED_cappuccino,685,animal
MED_cappuccino,649,animal
MED_cappuccino,426,plant
MED_cappuccino,390,animal
MED_cappuccino,223,plant
MED_cappuccino,187,animal
MED_cappuccino,356,animal
MED_cappuccino,320,animal
MED_cappuccino,433,plant
MED_cappuccino,397,plant
MED_cappuccino,174,animal
MED_cappuccino,138,plant
MED_cappuccino,1007,animal
MED_cappuccino,971,plant
MED_cappuccino,104,plant
MED_cappuccino,68,animal
MED_cappuccino,181,plant
MED_cappuccino,145,animal
MED_cappuccino,958,plant
MED_cappuccino,922,plant
MED_cappuccino,755,animal
MED_cappuccino,719,animal
MED_cappuccino,888,animal
MED_cappuccino,852,plant
MED_cappuccino,965,plant
MED_cappuccino,929,animal
MED_cappuccino,706,plant
MED_cappuccino,670,animal
MED_cappuccino,503,plant
MED_cappuccino,467,animal
MED_cappuccino,636,plant
MED_cappuccino,600,plant
MED_cappuccino,713,animal
MED_cappuccino,677,animal
MED_cappuccino,454,plant
MED_cappuccino,418,plant
MED_cappuccino,251,plant
MED_cappuccino,559,animal
MED_cappuccino,672,plant
MED_cappuccino,636,animal
MED_cappuccino,413,animal
MED_cappuccino,377,plant
MED_cappuccino,210,plant
MED_cappuccino,174,plant
MED_cappuccino,343,animal
MED_cappuccino,307,animal
MED_cappuccino,420,plant
MED_cappuccino,384,plant
MED_cappuccino,161,plant
MED_cappuccino,125,animal
MED_cappuccino,994,animal
MED_cappuccino,958,animal
MED_cappuccino,91,plant
MED_cappuccino,55,plant
MED_cappuccino,168,plant
MED_cappuccino,132,plant
MED_LATTE,274,animal
MED_LATTE,351,animal
MED_LATTE,92,animal
MED_LATTE,925,plant
MED_LATTE,22,animal
MED_LATTE,99,animal
MED_LATTE,876,animal
MED_LATTE,673,plant
MED_LATTE,806,plant
MED_LATTE,883,animal
MED_LATTE,124,animal
MED_LATTE,677,animal
MED_LATTE,166,plant
MED_LATTE,523,animal
MED_LATTE,908,animal
MED_LATTE,425,animal
MED_LATTE,946,animal
MED_LATTE,239,animal
MED_LATTE,456,animal
MED_LATTE,1037,animal
MED_LATTE,694,animal
MED_LATTE,1023,animal
MED_LATTE,204,plant
MED_LATTE,785,plant
MED_LATTE,442,plant
MED_LATTE,771,plant
MED_LATTE,988,plant
MED_LATTE,873,animal
MED_LATTE,306,plant
MED_LATTE,327,plant
MED_LATTE,768,plant
MED_LATTE,621,animal
MED_LATTE,54,animal
MED_LATTE,75,animal
MED_LATTE,1052,animal
MED_LATTE,577,animal
MED_LATTE,458,plant
MED_LATTE,59,plant
MED_LATTE,52,plant
MED_LATTE,325,animal
MED_LATTE,206,plant
MED_LATTE,843,plant
MED_LATTE,836,plant
MED_LATTE,73,plant
MED_LATTE,26,plant
MED_LATTE,579,plant
MED_LATTE,68,animal
MED_LATTE,760,plant
MED_LATTE,837,animal
MED_LATTE,578,animal
MED_LATTE,375,plant
MED_LATTE,508,animal
MED_LATTE,585,animal
MED_LATTE,326,plant
MED_LATTE,123,plant
MED_LATTE,256,plant
MED_LATTE,333,plant
MED_LATTE,74,plant
MED_LATTE,907,plant
MED_LATTE,1040,plant
MED_LATTE,81,plant
MED_LATTE,858,animal
MED_LATTE,655,animal
MED_LATTE,788,plant
MED_LATTE,865,animal
MED_LATTE,606,plant
MED_LATTE,403,animal
MED_LATTE,536,animal
MED_LATTE,613,plant
MED_LATTE,354,animal
MED_LATTE,151,animal
MED_LATTE,284,plant
MED_LATTE,361,animal
MED_LATTE,102,animal
MED_LATTE,935,animal
MED_LATTE,32,plant
MED_LATTE,109,plant
MED_LATTE,886,animal
MED_LATTE,683,plant
MED_LATTE,816,animal
MED_LATTE,893,animal
MED_LATTE,634,animal
MED_LATTE,431,plant
MED_LATTE,564,plant
MED_LATTE,641,plant
MED_LATTE,390,animal
MED_LATTE,523,plant
MED_LATTE,600,animal
MED_LATTE,341,plant
MED_LATTE,138,animal
MED_LATTE,271,plant
MED_LATTE,348,plant
MED_LATTE,89,plant
MED_LATTE,922,animal
MED_LATTE,19,animal
MED_MOCHA,459,plant
MED_MOCHA,200,plant
MED_MOCHA,1033,animal
MED_MOCHA,130,animal
MED_MOCHA,207,animal
MED_MOCHA,984,plant
MED_MOCHA,781,animal
MED_MOCHA,914,plant
MED_MOCHA,991,plant
MED_MOCHA,732,plant
MED_MOCHA,785,animal
MED_MOCHA,274,plant
MED_MOCHA,631,plant
MED_MOCHA,1016,animal
MED_MOCHA,533,animal
MED_MOCHA,22,animal
MED_MOCHA,347,plant
MED_MOCHA,564,plant
MED_MOCHA,109,animal
MED_MOCHA,802,animal
MED_MOCHA,95,animal
MED_MOCHA,312,animal
MED_MOCHA,893,animal
MED_MOCHA,550,plant
MED_MOCHA,879,animal
MED_MOCHA,60,animal
MED_MOCHA,641,plant
MED_MOCHA,298,plant
MED_MOCHA,435,plant
MED_MOCHA,876,plant
MED_MOCHA,729,plant
MED_MOCHA,162,plant
MED_MOCHA,183,plant
MED_MOCHA,624,animal
MED_MOCHA,477,animal
MED_MOCHA,558,plant
MED_MOCHA,167,plant
MED_MOCHA,160,plant
MED_MOCHA,433,animal
MED_MOCHA,314,plant
MED_MOCHA,951,plant
MED_MOCHA,944,animal
MED_MOCHA,181,plant
MED_MOCHA,62,animal
MED_MOCHA,687,animal
MED_MOCHA,176,animal
MED_MOCHA,533,plant
MED_MOCHA,918,animal
MED_MOCHA,686,plant
MED_MOCHA,483,animal
MED_MOCHA,616,plant
MED_MOCHA,693,animal
MED_MOCHA,434,plant
MED_MOCHA,231,animal
MED_MOCHA,364,plant
MED_MOCHA,441,animal
MED_MOCHA,182,plant
MED_MOCHA,1015,animal
MED_MOCHA,112,animal
MED_MOCHA,189,plant
MED_MOCHA,966,plant
MED_MOCHA,763,plant
MED_MOCHA,896,animal
MED_MOCHA,973,animal
MED_MOCHA,714,animal
MED_MOCHA,511,animal
MED_MOCHA,644,animal
MED_MOCHA,721,animal
MED_MOCHA,462,animal
MED_MOCHA,259,plant
MED_MOCHA,392,plant
MED_MOCHA,469,plant
MED_MOCHA,210,plant
MED_MOCHA,1043,animal
MED_MOCHA,140,plant
MED_MOCHA,217,plant
MED_MOCHA,994,plant
MED_MOCHA,791,animal
MED_MOCHA,924,plant
MED_MOCHA,1001,animal
MED_MOCHA,742,plant
MED_MOCHA,539,animal
MED_MOCHA,672,animal
MED_MOCHA,749,plant
MED_MOCHA,490,animal
MED_MOCHA,287,animal
MED_MOCHA,708,animal
MED_MOCHA,449,animal
MED_MOCHA,246,animal
MED_MOCHA,379,plant
MED_MOCHA,456,plant
MED_MOCHA,197,animal
MED_MOCHA,1030,animal
MED_MOCHA,127,animal
MED_MOCHA,204,animal
MED_MOCHA,981,animal
Mild_cappuccino,998,plant
Mild_cappuccino,467,plant
Mild_cappuccino,431,animal
Mild_cappuccino,488,plant
Mild_cappuccino,452,plant
Mild_cappuccino,929,animal
Mild_cappuccino,893,plant
Mild_cappuccino,782,plant
Mild_cappuccino,746,animal
Mild_cappuccino,215,plant
Mild_cappuccino,179,animal
Mild_cappuccino,236,plant
Mild_cappuccino,200,animal
Mild_cappuccino,677,plant
Mild_cappuccino,641,animal
Mild_cappuccino,530,plant
Mild_cappuccino,494,animal
Mild_cappuccino,999,plant
Mild_cappuccino,963,plant
Mild_cappuccino,1020,plant
Mild_cappuccino,120,animal
Mild_cappuccino,569,animal
Mild_cappuccino,533,plant
Mild_cappuccino,254,plant
Mild_cappuccino,218,animal
Mild_cappuccino,751,animal
Mild_cappuccino,715,plant
Mild_cappuccino,940,animal
Mild_cappuccino,904,plant
Mild_cappuccino,317,plant
Mild_cappuccino,281,animal
Mild_cappuccino,761,plant
Mild_cappuccino,725,animal
Mild_cappuccino,1006,plant
Mild_cappuccino,970,animal
Mild_cappuccino,719,animal
Mild_cappuccino,683,plant
Mild_cappuccino,348,plant
Mild_cappuccino,312,plant
Mild_cappuccino,509,plant
Mild_cappuccino,473,plant
Mild_cappuccino,754,animal
Mild_cappuccino,718,plant
Mild_cappuccino,467,plant
Mild_cappuccino,431,animal
Mild_cappuccino,96,animal
Mild_cappuccino,60,animal
Mild_cappuccino,257,animal
Mild_cappuccino,221,animal
Mild_cappuccino,502,animal
Mild_cappuccino,466,plant
Mild_cappuccino,215,plant
Mild_cappuccino,179,plant
Mild_cappuccino,880,plant
Mild_cappuccino,1016,animal
Mild_cappuccino,149,plant
Mild_cappuccino,113,plant
Mild_cappuccino,226,animal
Mild_cappuccino,190,plant
Mild_cappuccino,1003,animal
Mild_cappuccino,967,animal
Mild_cappuccino,800,plant
Mild_cappuccino,764,plant
Mild_cappuccino,933,plant
Mild_cappuccino,897,animal
Mild_cappuccino,1010,plant
Mild_cappuccino,974,animal
Mild_cappuccino,751,plant
Mild_cappuccino,523,animal
Mild_cappuccino,580,plant
Mild_cappuccino,20,plant
Mild_cappuccino,245,animal
Mild_cappuccino,209,plant
Mild_cappuccino,658,animal
Mild_cappuccino,622,animal
Mild_cappuccino,343,plant
Mild_cappuccino,307,plant
Mild_cappuccino,840,plant
Mild_cappuccino,804,plant
Mild_cappuccino,1029,animal
Mild_cappuccino,993,plant
Mild_cappuccino,406,plant
Mild_cappuccino,370,animal
Mild_cappuccino,91,animal
Mild_cappuccino,55,plant
Mild_cappuccino,588,plant
Mild_cappuccino,552,animal
Mild_cappuccino,1045,plant
Mild_cappuccino,1009,animal
Mild_cappuccino,282,animal
Mild_cappuccino,246,plant
Mild_cappuccino,163,plant
Mild_cappuccino,127,plant
Mild_cappuccino,800,plant
Mild_cappuccino,764,plant
Mild_cappuccino,953,plant
Mild_cappuccino,917,plant
Mild_cappuccino,974,plant
Mild_cappuccino,938,plant
Mild_cappuccino,379,animal
Mild_cappuccino,343,animal
Mild_cappuccino,232,animal
Mild_cappuccino,196,plant
Mild_cappuccino,701,animal
Mild_cappuccino,665,plant
Mild_cappuccino,722,plant
Mild_cappuccino,686,plant
Mild_cappuccino,127,plant
Mild_cappuccino,91,animal
Mild_cappuccino,1016,animal
Mild_cappuccino,980,plant
Mild_cappuccino,449,animal
Mild_cappuccino,413,animal
Mild_cappuccino,470,animal
Mild_cappuccino,434,plant
Mild_cappuccino,911,animal
Mild_cappuccino,875,animal
Mild_cappuccino,764,animal
Mild_cappuccino,728,plant
Mild_cappuccino,197,plant
Mild_cappuccino,161,plant
Mild_cappuccino,218,plant
Mild_cappuccino,182,animal
Mild_cappuccino,659,animal
Mild_cappuccino,623,animal
Mild_cappuccino,512,plant
Mild_cappuccino,476,plant
Mild_cappuccino,981,animal
Mild_cappuccino,945,plant
Mild_cappuccino,1002,plant
Mild_cappuccino,966,plant
Mild_cappuccino,407,animal
Mild_cappuccino,371,animal
Mild_cappuccino,260,plant
Mild_cappuccino,224,animal
Mild_cappuccino,729,plant
Mild_cappuccino,693,plant
Mild_cappuccino,750,animal
Mild_cappuccino,714,plant
Mild_cappuccino,155,animal
Mild_cappuccino,119,plant
Mild_cappuccino,1044,animal
Mild_cappuccino,1008,animal
Mild_cappuccino,477,animal
Mild_cappuccino,441,plant
Mild_cappuccino,498,animal
Mild_cappuccino,462,plant
Mild_cappuccino,939,plant
Mild_cappuccino,903,plant
Mild_cappuccino,792,plant
Mild_cappuccino,756,plant
Mild_cappuccino,225,plant
Mild_cappuccino,189,plant
Mild_cappuccino,246,plant
Mild_cappuccino,210,animal
Mild_cappuccino,687,animal
Mild_cappuccino,651,animal
Mild_cappuccino,540,plant
Mild_cappuccino,504,plant
Mild_cappuccino,1009,plant
Mild_cappuccino,973,animal
Mild_cappuccino,1030,plant
Mild_cappuccino,994,animal
Mild_cappuccino,435,plant
Mild_cappuccino,399,plant
Mild_cappuccino,288,animal
Mild_cappuccino,252,plant
Mild_cappuccino,757,animal
Mild_cappuccino,721,animal
Mild_cappuccino,778,animal
Mild_cappuccino,742,animal
Mild_cappuccino,247,plant
Mild_cappuccino,211,plant
Mild_cappuccino,716,plant
Mild_cappuccino,680,animal
Mild_cappuccino,737,animal
Mild_cappuccino,701,plant
Mild_cappuccino,142,plant
Mild_cappuccino,106,plant
Mild_cappuccino,1031,plant
Mild_cappuccino,995,animal
Mild_cappuccino,464,animal
Mild_cappuccino,428,plant
Mild_cappuccino,485,animal
Mild_cappuccino,449,animal
Mild_cappuccino,926,animal
Mild_cappuccino,890,plant
Mild_cappuccino,779,plant
Mild_cappuccino,743,animal
Mild_cappuccino,212,animal
Mild_LATTE,73,plant
Mild_LATTE,962,plant
Mild_LATTE,395,plant
Mild_LATTE,416,animal
Mild_LATTE,857,plant
Mild_LATTE,710,animal
Mild_LATTE,143,animal
Mild_LATTE,164,plant
Mild_LATTE,605,animal
Mild_LATTE,458,plant
Mild_LATTE,931,plant
Mild_LATTE,84,plant
Mild_LATTE,497,animal
Mild_LATTE,182,plant
Mild_LATTE,679,plant
Mild_LATTE,868,animal
Mild_LATTE,528,animal
Mild_LATTE,689,plant
Mild_LATTE,934,plant
Mild_LATTE,647,plant
Mild_LATTE,276,animal
Mild_LATTE,437,plant
Mild_LATTE,682,plant
Mild_LATTE,395,plant
Mild_LATTE,24,plant
Mild_LATTE,185,plant
Mild_LATTE,430,plant
Mild_LATTE,147,plant
Mild_LATTE,980,animal
Mild_LATTE,77,animal
Mild_LATTE,154,plant
Mild_LATTE,931,animal
Mild_LATTE,728,animal
Mild_LATTE,861,plant
Mild_LATTE,938,animal
Mild_LATTE,487,plant
Mild_LATTE,1020,animal
Mild_LATTE,173,animal
Mild_LATTE,586,plant
Mild_LATTE,271,animal
Mild_LATTE,768,plant
Mild_LATTE,957,plant
Mild_LATTE,334,animal
Mild_LATTE,19,plant
Mild_LATTE,980,animal
Mild_LATTE,973,animal
Mild_LATTE,210,plant
Mild_LATTE,91,plant
Mild_LATTE,412,animal
Mild_LATTE,881,plant
Mild_LATTE,902,plant
Mild_LATTE,307,animal
Mild_LATTE,160,animal
Mild_LATTE,629,animal
Mild_LATTE,650,plant
Mild_LATTE,55,plant
Mild_LATTE,944,animal
Mild_LATTE,377,animal
Mild_LATTE,398,plant
Mild_LATTE,839,animal
Mild_LATTE,692,plant
Mild_LATTE,125,animal
Mild_LATTE,146,animal
Mild_LATTE,587,animal
Mild_LATTE,440,animal
Mild_LATTE,909,plant
Mild_LATTE,930,animal
Mild_LATTE,335,animal
Mild_LATTE,188,plant
Mild_LATTE,657,plant
Mild_LATTE,678,plant
Mild_LATTE,83,plant
Mild_LATTE,972,animal
Mild_LATTE,405,animal
Mild_LATTE,426,animal
Mild_LATTE,867,plant
Mild_LATTE,720,animal
Mild_LATTE,153,plant
Mild_LATTE,174,plant
Mild_LATTE,615,animal
Mild_LATTE,468,plant
Mild_LATTE,937,plant
Mild_LATTE,958,animal
Mild_LATTE,363,animal
Mild_LATTE,216,animal
Mild_LATTE,685,plant
Mild_LATTE,322,animal
Mild_LATTE,175,plant
Mild_LATTE,644,plant
Mild_LATTE,665,plant
Mild_LATTE,70,plant
Mild_LATTE,959,plant
Mild_LATTE,392,animal
Mild_LATTE,413,plant
Mild_LATTE,854,animal
Mild_LATTE,707,plant
Mild_MOCHA,503,animal
Mild_MOCHA,524,animal
Mild_MOCHA,965,animal
Mild_MOCHA,818,plant
Mild_MOCHA,251,plant
Mild_MOCHA,272,animal
Mild_MOCHA,713,plant
Mild_MOCHA,566,animal
Mild_MOCHA,1035,plant
Mild_MOCHA,20,plant
Mild_MOCHA,605,plant
Mild_MOCHA,290,animal
Mild_MOCHA,787,animal
Mild_MOCHA,976,plant
Mild_MOCHA,353,plant
Mild_MOCHA,38,plant
Mild_MOCHA,1042,animal
Mild_MOCHA,755,animal
Mild_MOCHA,384,animal
Mild_MOCHA,545,plant
Mild_MOCHA,790,plant
Mild_MOCHA,503,animal
Mild_MOCHA,132,animal
Mild_MOCHA,293,plant
Mild_MOCHA,538,plant
Mild_MOCHA,251,animal
Mild_MOCHA,916,plant
Mild_MOCHA,185,animal
Mild_MOCHA,262,plant
Mild_MOCHA,1039,plant
Mild_MOCHA,836,plant
Mild_MOCHA,969,plant
Mild_MOCHA,1046,animal
Mild_MOCHA,787,animal
Mild_MOCHA,616,animal
Mild_MOCHA,22,animal
Mild_MOCHA,694,plant
Mild_MOCHA,379,plant
Mild_MOCHA,876,animal
Mild_MOCHA,29,animal
Mild_MOCHA,442,plant
Mild_MOCHA,127,plant
Mild_MOCHA,624,plant
Mild_MOCHA,813,animal
Mild_MOCHA,318,plant
Mild_MOCHA,199,plant
Mild_MOCHA,836,animal
Mild_MOCHA,829,plant
Mild_MOCHA,1010,plant
Mild_MOCHA,415,plant
Mild_MOCHA,268,animal
Mild_MOCHA,737,animal
Mild_MOCHA,758,plant
Mild_MOCHA,163,plant
Mild_MOCHA,1052,animal
Mild_MOCHA,485,animal
Mild_MOCHA,506,plant
Mild_MOCHA,947,plant
Mild_MOCHA,800,plant
Mild_MOCHA,233,plant
Mild_MOCHA,254,animal
Mild_MOCHA,695,plant
Mild_MOCHA,548,animal
Mild_MOCHA,1017,animal
Mild_MOCHA,1038,plant
Mild_MOCHA,443,plant
Mild_MOCHA,296,animal
Mild_MOCHA,765,animal
Mild_MOCHA,786,animal
Mild_MOCHA,191,plant
Mild_MOCHA,44,animal
Mild_MOCHA,513,plant
Mild_MOCHA,534,animal
Mild_MOCHA,975,animal
Mild_MOCHA,828,plant
Mild_MOCHA,261,animalplant
Mild_MOCHA,282,animal
Mild_MOCHA,723,animalplant
Mild_MOCHA,576,animal
Mild_MOCHA,1045,animal
Mild_MOCHA,30,animal
Mild_MOCHA,471,animalplant
Mild_MOCHA,324,animal
Mild_MOCHA,793,animal
Mild_MOCHA,814,plant
Mild_MOCHA,219,animal
Mild_MOCHA,752,animal
Mild_MOCHA,773,plant
Mild_MOCHA,178,animal
Mild_MOCHA,31,animal
Mild_MOCHA,500,plant
Mild_MOCHA,521,animal
Mild_MOCHA,962,plant
Mild_MOCHA,815,animal
Mild_MOCHA,248,animal
Mild_MOCHA,269,plant
SMALL_cappuccino,574,animal
SMALL_cappuccino,911,plant
SMALL_cappuccino,875,animal
SMALL_cappuccino,960,animal
SMALL_cappuccino,924,plant
SMALL_cappuccino,533,plant
SMALL_cappuccino,497,plant
SMALL_cappuccino,358,plant
SMALL_cappuccino,322,animal
SMALL_cappuccino,659,plant
SMALL_cappuccino,623,animal
SMALL_cappuccino,708,animal
SMALL_cappuccino,672,animal
SMALL_cappuccino,281,plant
SMALL_cappuccino,245,plant
SMALL_cappuccino,106,plant
SMALL_cappuccino,70,plant
SMALL_cappuccino,407,animal
SMALL_cappuccino,371,plant
SMALL_cappuccino,456,plant
SMALL_cappuccino,452,animal
SMALL_cappuccino,369,animal
SMALL_cappuccino,333,plant
SMALL_cappuccino,1006,plant
SMALL_cappuccino,970,plant
SMALL_cappuccino,999,plant
SMALL_cappuccino,963,plant
SMALL_cappuccino,236,plant
SMALL_cappuccino,200,plant
SMALL_cappuccino,117,animal
SMALL_cappuccino,81,plant
SMALL_cappuccino,754,animal
SMALL_cappuccino,736,plant
SMALL_cappuccino,700,animal
SMALL_cappuccino,841,plant
SMALL_cappuccino,805,animal
SMALL_cappuccino,750,animal
SMALL_cappuccino,714,plant
SMALL_cappuccino,519,plant
SMALL_cappuccino,483,plant
SMALL_cappuccino,484,plant
SMALL_cappuccino,448,animal
SMALL_cappuccino,589,plant
SMALL_cappuccino,553,animal
SMALL_cappuccino,498,animal
SMALL_cappuccino,462,animal
SMALL_cappuccino,267,plant
SMALL_cappuccino,231,plant
SMALL_cappuccino,232,animal
SMALL_cappuccino,196,animal
SMALL_cappuccino,337,animal
SMALL_cappuccino,301,animal
SMALL_cappuccino,246,plant
SMALL_cappuccino,210,animal
SMALL_cappuccino,1051,animal
SMALL_cappuccino,907,plant
SMALL_cappuccino,516,plant
SMALL_cappuccino,480,animal
SMALL_cappuccino,341,plant
SMALL_cappuccino,305,animal
SMALL_cappuccino,642,animal
SMALL_cappuccino,606,animal
SMALL_cappuccino,691,plant
SMALL_cappuccino,655,animal
SMALL_cappuccino,264,plant
SMALL_cappuccino,228,plant
SMALL_cappuccino,89,animal
SMALL_cappuccino,53,animal
SMALL_cappuccino,390,animal
SMALL_cappuccino,330,plant
SMALL_cappuccino,443,plant
SMALL_cappuccino,471,animal
SMALL_cappuccino,864,animal
SMALL_cappuccino,828,animal
SMALL_cappuccino,213,plant
SMALL_cappuccino,177,animal
SMALL_cappuccino,766,animal
SMALL_cappuccino,730,plant
SMALL_cappuccino,255,animal
SMALL_cappuccino,219,animal
SMALL_cappuccino,612,plant
SMALL_cappuccino,576,animal
SMALL_cappuccino,997,animal
SMALL_cappuccino,961,plant
SMALL_cappuccino,514,plant
SMALL_cappuccino,478,animal
SMALL_cappuccino,1039,plant
SMALL_cappuccino,1003,plant
SMALL_cappuccino,264,plant
SMALL_cappuccino,228,plant
SMALL_cappuccino,761,animal
SMALL_cappuccino,725,plant
SMALL_cappuccino,950,animal
SMALL_cappuccino,914,animal
SMALL_cappuccino,327,animal
SMALL_cappuccino,291,plant
SMALL_cappuccino,325,animal
SMALL_cappuccino,410,plant
SMALL_cappuccino,374,plant
SMALL_cappuccino,1019,plant
SMALL_cappuccino,983,plant
SMALL_cappuccino,844,plant
SMALL_cappuccino,808,animal
SMALL_cappuccino,109,animal
SMALL_cappuccino,73,animal
SMALL_cappuccino,158,animal
SMALL_cappuccino,122,animal
SMALL_cappuccino,767,animal
SMALL_cappuccino,731,plant
SMALL_cappuccino,592,plant
SMALL_cappuccino,556,animal
SMALL_cappuccino,893,plant
SMALL_cappuccino,857,plant
SMALL_cappuccino,942,plant
SMALL_cappuccino,906,animal
SMALL_cappuccino,515,animal
SMALL_cappuccino,479,plant
SMALL_cappuccino,340,animal
SMALL_cappuccino,304,animal
SMALL_cappuccino,641,animal
SMALL_cappuccino,605,plant
SMALL_cappuccino,690,plant
SMALL_cappuccino,654,plant
SMALL_cappuccino,263,animal
SMALL_cappuccino,227,animal
SMALL_cappuccino,88,plant
SMALL_cappuccino,52,plant
SMALL_cappuccino,389,animal
SMALL_cappuccino,353,animal
SMALL_cappuccino,438,animal
SMALL_cappuccino,402,plant
SMALL_cappuccino,1047,animal
SMALL_cappuccino,1011,animal
SMALL_cappuccino,872,animal
SMALL_cappuccino,836,plant
SMALL_cappuccino,137,animal
SMALL_cappuccino,101,animal
SMALL_cappuccino,186,animal
SMALL_cappuccino,150,plant
SMALL_cappuccino,795,plant
SMALL_cappuccino,759,animal
SMALL_cappuccino,620,plant
SMALL_cappuccino,584,plant
SMALL_cappuccino,921,plant
SMALL_cappuccino,885,animal
SMALL_cappuccino,970,plant
SMALL_cappuccino,934,animal
SMALL_cappuccino,543,animal
SMALL_cappuccino,507,animal
SMALL_cappuccino,368,animal
SMALL_cappuccino,332,animal
SMALL_cappuccino,669,plant
SMALL_cappuccino,633,plant
SMALL_cappuccino,718,plant
SMALL_cappuccino,682,plant
SMALL_cappuccino,291,plant
SMALL_cappuccino,255,animal
SMALL_cappuccino,116,plant
SMALL_cappuccino,80,plant
SMALL_cappuccino,417,animal
SMALL_cappuccino,381,animal
SMALL_cappuccino,466,animal
SMALL_cappuccino,430,animal
SMALL_cappuccino,39,plant
SMALL_cappuccino,1039,plant
SMALL_cappuccino,900,plant
SMALL_cappuccino,864,animal
SMALL_cappuccino,165,plant
SMALL_cappuccino,129,plant
SMALL_cappuccino,214,plant
SMALL_cappuccino,178,plant
SMALL_cappuccino,823,plant
SMALL_cappuccino,823,plant
SMALL_cappuccino,124,animal
SMALL_cappuccino,88,animal
SMALL_cappuccino,173,animal
SMALL_cappuccino,137,animal
SMALL_cappuccino,782,animal
SMALL_cappuccino,746,plant
SMALL_cappuccino,607,animal
SMALL_cappuccino,571,plant
SMALL_cappuccino,908,animal
SMALL_cappuccino,872,plant
SMALL_cappuccino,957,plant
SMALL_cappuccino,921,plant
SMALL_cappuccino,530,animal
SMALL_cappuccino,494,animal
SMALL_cappuccino,355,plant
SMALL_cappuccino,319,animal
SMALL_cappuccino,656,plant
SMALL_cappuccino,620,plant
SMALL_LATTE,538,plant
SMALL_LATTE,839,animal
SMALL_LATTE,888,animal
SMALL_LATTE,461,animal
SMALL_LATTE,286,animal
SMALL_LATTE,587,plant
SMALL_LATTE,636,plant
SMALL_LATTE,209,plant
SMALL_LATTE,34,animal
SMALL_LATTE,335,animal
SMALL_LATTE,416,animal
SMALL_LATTE,297,animal
SMALL_LATTE,934,animal
SMALL_LATTE,927,plant
SMALL_LATTE,164,plant
SMALL_LATTE,45,plant
SMALL_LATTE,699,animal
SMALL_LATTE,664,plant
SMALL_LATTE,769,animal
SMALL_LATTE,678,plant
SMALL_LATTE,447,plant
SMALL_LATTE,412,plant
SMALL_LATTE,517,plant
SMALL_LATTE,426,plant
SMALL_LATTE,195,animal
SMALL_LATTE,160,plant
SMALL_LATTE,265,animal
SMALL_LATTE,174,animal
SMALL_LATTE,871,animal
SMALL_LATTE,444,animal
SMALL_LATTE,269,plant
SMALL_LATTE,570,plant
SMALL_LATTE,619,animal
SMALL_LATTE,192,plant
SMALL_LATTE,17,plant
SMALL_LATTE,294,plant
SMALL_LATTE,435,animal
SMALL_LATTE,792,plant
SMALL_LATTE,141,plant
SMALL_LATTE,694,animal
SMALL_LATTE,183,plant
SMALL_LATTE,540,plant
SMALL_LATTE,925,plant
SMALL_LATTE,442,animal
SMALL_LATTE,507,animal
SMALL_LATTE,192,plant
SMALL_LATTE,689,animal
SMALL_LATTE,878,animal
SMALL_LATTE,289,plant
SMALL_LATTE,338,animal
SMALL_LATTE,947,plant
SMALL_LATTE,772,plant
SMALL_LATTE,37,plant
SMALL_LATTE,86,animal
SMALL_LATTE,695,plant
SMALL_LATTE,520,plant
SMALL_LATTE,821,plant
SMALL_LATTE,870,plant
SMALL_LATTE,443,plant
SMALL_LATTE,268,animal
SMALL_LATTE,569,plant
SMALL_LATTE,618,animal
SMALL_LATTE,191,animal
SMALL_LATTE,1052,plant
SMALL_LATTE,317,plant
SMALL_LATTE,366,animal
SMALL_LATTE,975,plant
SMALL_LATTE,800,plant
SMALL_LATTE,65,plant
SMALL_LATTE,114,plant
SMALL_LATTE,723,plant
SMALL_LATTE,548,plant
SMALL_LATTE,849,animal
SMALL_LATTE,898,animal
SMALL_LATTE,471,plant
SMALL_LATTE,296,plant
SMALL_LATTE,597,animal
SMALL_LATTE,646,plant
SMALL_LATTE,219,animal
SMALL_LATTE,44,plant
SMALL_LATTE,345,animal
SMALL_LATTE,394,animal
SMALL_LATTE,1003,plant
SMALL_LATTE,828,plant
SMALL_LATTE,93,plant
SMALL_LATTE,142,animal
SMALL_LATTE,787,animalplant
SMALL_LATTE,52,animal
SMALL_LATTE,101,plant
SMALL_LATTE,710,plant
SMALL_LATTE,535,plant
SMALL_LATTE,836,animal
SMALL_LATTE,885,plant
SMALL_LATTE,458,plant
SMALL_LATTE,283,plant
SMALL_MOCHA,996,animal
SMALL_MOCHA,569,animal
SMALL_MOCHA,394,animal
SMALL_MOCHA,695,plant
SMALL_MOCHA,744,plant
SMALL_MOCHA,317,plant
SMALL_MOCHA,142,animal
SMALL_MOCHA,443,animal
SMALL_MOCHA,492,plant
SMALL_MOCHA,65,animal
SMALL_MOCHA,1042,plant
SMALL_MOCHA,1035,plant
SMALL_MOCHA,272,animal
SMALL_MOCHA,153,plant
SMALL_MOCHA,790,plant
SMALL_MOCHA,877,animal
SMALL_MOCHA,786,plant
SMALL_MOCHA,555,animal
SMALL_MOCHA,520,plant
SMALL_MOCHA,625,animal
SMALL_MOCHA,534,plant
SMALL_MOCHA,303,animal
SMALL_MOCHA,268,plant
SMALL_MOCHA,373,plant
SMALL_MOCHA,282,animal
SMALL_MOCHA,51,animal
SMALL_MOCHA,552,animal
SMALL_MOCHA,377,plant
SMALL_MOCHA,678,plant
SMALL_MOCHA,727,plant
SMALL_MOCHA,300,plant
SMALL_MOCHA,125,animal
SMALL_MOCHA,426,plant
SMALL_MOCHA,479,animal
SMALL_MOCHA,220,animal
SMALL_MOCHA,249,animal
SMALL_MOCHA,802,animal
SMALL_MOCHA,291,plant
SMALL_MOCHA,648,animal
SMALL_MOCHA,1033,animal
SMALL_MOCHA,550,animal
SMALL_MOCHA,39,animal
SMALL_MOCHA,396,animal
SMALL_MOCHA,797,plant
SMALL_MOCHA,986,animal
SMALL_MOCHA,363,animal
SMALL_MOCHA,48,animal
SMALL_MOCHA,446,plant
SMALL_MOCHA,19,animal
SMALL_MOCHA,880,animal
SMALL_MOCHA,145,animal
SMALL_MOCHA,194,plant
SMALL_MOCHA,803,animal
SMALL_MOCHA,628,animal
SMALL_MOCHA,929,plant
SMALL_MOCHA,978,animal
SMALL_MOCHA,551,animal
SMALL_MOCHA,376,plant
SMALL_MOCHA,677,plant
SMALL_MOCHA,726,animal
SMALL_MOCHA,299,plant
SMALL_MOCHA,124,animal
SMALL_MOCHA,425,animal
SMALL_MOCHA,474,plant
SMALL_MOCHA,47,animal
SMALL_MOCHA,908,plant
SMALL_MOCHA,173,plant
SMALL_MOCHA,222,plant
SMALL_MOCHA,831,animal
SMALL_MOCHA,656,plant
SMALL_MOCHA,957,plant
SMALL_MOCHA,1006,animal
SMALL_MOCHA,579,plant
SMALL_MOCHA,404,plant
SMALL_MOCHA,705,animal
SMALL_MOCHA,754,plant
SMALL_MOCHA,327,plant
SMALL_MOCHA,152,animal
SMALL_MOCHA,453,animal
SMALL_MOCHA,502,animal
SMALL_MOCHA,75,plant
SMALL_MOCHA,936,plant
SMALL_MOCHA,201,animal
SMALL_MOCHA,250,animalplant
SMALL_MOCHA,859,animal
SMALL_MOCHA,160,plant
SMALL_MOCHA,209,plant
SMALL_MOCHA,818,plant
SMALL_MOCHA,643,plant
SMALL_MOCHA,944,plant
SMALL_MOCHA,993,animal
SMALL_MOCHA,566,plant
SMALL_MOCHA,391,plant
SMALL_MOCHA,692,animal
SMALL_MOCHA,741,animal
Special_cappuccino,922,animal
Special_cappuccino,503,plant
Special_cappuccino,467,plant
Special_cappuccino,160,animal
Special_cappuccino,124,animal
Special_cappuccino,489,plant
Special_cappuccino,453,plant
Special_cappuccino,706,animal
Special_cappuccino,670,plant
Special_cappuccino,251,plant
Special_cappuccino,215,animal
Special_cappuccino,944,animal
Special_cappuccino,908,plant
Special_cappuccino,237,animal
Special_cappuccino,201,plant
Special_cappuccino,454,animal
Special_cappuccino,418,plant
Special_cappuccino,1035,plant
Special_cappuccino,999,animal
Special_cappuccino,692,plant
Special_cappuccino,132,plant
Special_cappuccino,245,plant
Special_cappuccino,209,animal
Special_cappuccino,1022,animal
Special_cappuccino,986,plant
Special_cappuccino,819,animal
Special_cappuccino,783,plant
Special_cappuccino,952,plant
Special_cappuccino,916,plant
Special_cappuccino,1029,plant
Special_cappuccino,993,plant
Special_cappuccino,770,plant
Special_cappuccino,773,animal
Special_cappuccino,737,plant
Special_cappuccino,822,animal
Special_cappuccino,786,animal
Special_cappuccino,395,plant
Special_cappuccino,359,animal
Special_cappuccino,220,plant
Special_cappuccino,184,plant
Special_cappuccino,521,animal
Special_cappuccino,485,animal
Special_cappuccino,570,plant
Special_cappuccino,534,plant
Special_cappuccino,143,animal
Special_cappuccino,107,plant
Special_cappuccino,1004,animal
Special_cappuccino,968,animal
Special_cappuccino,269,animal
Special_cappuccino,233,plant
Special_cappuccino,318,plant
Special_cappuccino,282,animal
Special_cappuccino,927,animal
Special_cappuccino,891,plant
Special_cappuccino,754,plant
Special_cappuccino,200,animal
Special_cappuccino,621,animal
Special_cappuccino,585,plant
Special_cappuccino,138,animal
Special_cappuccino,102,animal
Special_cappuccino,663,plant
Special_cappuccino,627,plant
Special_cappuccino,1020,animal
Special_cappuccino,984,animal
Special_cappuccino,369,animal
Special_cappuccino,333,plant
Special_cappuccino,922,animal
Special_cappuccino,886,plant
Special_cappuccino,411,animal
Special_cappuccino,951,plant
Special_cappuccino,672,animal
Special_cappuccino,136,plant
Special_cappuccino,389,animal
Special_cappuccino,353,plant
Special_cappuccino,970,animal
Special_cappuccino,934,animal
Special_cappuccino,627,plant
Special_cappuccino,591,plant
Special_cappuccino,956,animal
Special_cappuccino,920,animal
Special_cappuccino,137,animal
Special_cappuccino,101,animal
Special_cappuccino,718,plant
Special_cappuccino,682,plant
Special_cappuccino,375,plant
Special_cappuccino,339,plant
Special_cappuccino,704,animal
Special_cappuccino,668,plant
Special_cappuccino,117,plant
Special_cappuccino,81,animal
Special_cappuccino,82,animal
Special_cappuccino,46,plant
Special_cappuccino,187,plant
Special_cappuccino,151,plant
Special_cappuccino,96,plant
Special_cappuccino,880,plant
Special_cappuccino,844,animal
Special_cappuccino,985,plant
Special_cappuccino,949,animal
Special_cappuccino,894,plant
Special_cappuccino,858,animal
Special_cappuccino,663,animal
Special_cappuccino,627,animal
Special_cappuccino,628,plant
Special_cappuccino,592,animal
Special_cappuccino,733,plant
Special_cappuccino,697,animal
Special_cappuccino,642,plant
Special_cappuccino,606,plant
Special_cappuccino,411,plant
Special_cappuccino,375,plant
Special_cappuccino,376,animal
Special_cappuccino,340,plant
Special_cappuccino,481,animal
Special_cappuccino,445,animal
Special_cappuccino,390,plant
Special_cappuccino,354,animal
Special_cappuccino,159,plant
Special_cappuccino,123,plant
Special_cappuccino,124,animal
Special_cappuccino,88,animal
Special_cappuccino,229,animal
Special_cappuccino,193,plant
Special_cappuccino,138,plant
Special_cappuccino,102,plant
Special_cappuccino,943,animal
Special_cappuccino,907,plant
Special_cappuccino,908,plant
Special_cappuccino,872,animal
Special_cappuccino,1013,plant
Special_cappuccino,977,plant
Special_cappuccino,922,animal
Special_cappuccino,886,animal
Special_cappuccino,691,animal
Special_cappuccino,655,animal
Special_cappuccino,656,plant
Special_cappuccino,620,animal
Special_cappuccino,761,plant
Special_cappuccino,725,animal
Special_cappuccino,670,animal
Special_cappuccino,634,animal
Special_cappuccino,439,plant
Special_cappuccino,403,plant
Special_cappuccino,404,animal
Special_cappuccino,368,plant
Special_cappuccino,509,animal
Special_cappuccino,473,plant
Special_cappuccino,418,plant
Special_cappuccino,382,animal
Special_cappuccino,187,plant
Special_cappuccino,151,animal
Special_cappuccino,152,plant
Special_cappuccino,116,plant
Special_cappuccino,257,animal
Special_cappuccino,221,animal
Special_cappuccino,166,animal
Special_cappuccino,130,plant
Special_cappuccino,971,plant
Special_cappuccino,935,animal
Special_cappuccino,936,plant
Special_cappuccino,900,animal
Special_cappuccino,1041,plant
Special_cappuccino,1005,animal
Special_cappuccino,950,plant
Special_cappuccino,914,plant
Special_cappuccino,719,animal
Special_cappuccino,683,animal
Special_cappuccino,684,plant
Special_cappuccino,648,plant
Special_cappuccino,789,plant
Special_cappuccino,753,animal
Special_cappuccino,826,plant
Special_cappuccino,790,animal
Special_cappuccino,791,animal
Special_cappuccino,755,plant
Special_cappuccino,896,plant
Special_cappuccino,860,plant
Special_cappuccino,805,animal
Special_cappuccino,769,animal
Special_cappuccino,574,plant
Special_cappuccino,538,plant
Special_cappuccino,539,plant
Special_cappuccino,503,animal
Special_cappuccino,644,animal
Special_cappuccino,608,animal
Special_cappuccino,553,plant
Special_cappuccino,517,plant
Special_cappuccino,322,plant
Special_cappuccino,286,plant
Special_cappuccino,287,animal
Special_LATTE,886,animal
Special_LATTE,431,animal
Special_LATTE,88,plant
Special_LATTE,417,animal
Special_LATTE,634,animal
Special_LATTE,179,animal
Special_LATTE,872,plant
Special_LATTE,165,plant
Special_LATTE,382,animal
Special_LATTE,963,animal
Special_LATTE,96,animal
Special_LATTE,173,plant
Special_LATTE,950,animal
Special_LATTE,747,animal
Special_LATTE,880,animal
Special_LATTE,957,animal
Special_LATTE,400,animal
Special_LATTE,701,animal
Special_LATTE,750,animal
Special_LATTE,323,animal
Special_LATTE,148,animal
Special_LATTE,449,plant
Special_LATTE,498,plant
Special_LATTE,71,plant
Special_LATTE,932,plant
Special_LATTE,197,plant
Special_LATTE,246,animal
Special_LATTE,843,plant
Special_LATTE,164,plant
Special_LATTE,549,plant
Special_LATTE,66,animal
Special_LATTE,591,animal
Special_LATTE,948,animal
Special_LATTE,297,animal
Special_LATTE,850,animal
Special_LATTE,915,plant
Special_LATTE,100,plant
Special_LATTE,317,plant
Special_LATTE,898,animal
Special_LATTE,555,plant
Special_LATTE,884,plant
Special_LATTE,65,plant
Special_LATTE,646,plant
Special_LATTE,303,plant
Special_LATTE,276,plant
Special_LATTE,45,animal
Special_LATTE,1046,plant
Special_LATTE,115,animal
Special_LATTE,843,animal
Special_LATTE,808,plant
Special_LATTE,913,animal
Special_LATTE,822,animal
Special_LATTE,591,plant
Special_LATTE,556,plant
Special_LATTE,661,plant
Special_LATTE,570,plant
Special_LATTE,339,plant
Special_LATTE,304,plant
Special_LATTE,409,plant
Special_LATTE,318,plant
Special_LATTE,87,animal
Special_LATTE,52,animal
Special_LATTE,157,plant
Special_LATTE,66,animal
Special_LATTE,871,plant
Special_LATTE,836,animal
Special_LATTE,941,animal
Special_LATTE,850,plant
Special_LATTE,619,animal
Special_LATTE,584,animal
Special_LATTE,689,plant
Special_LATTE,598,animal
Special_LATTE,367,animal
Special_LATTE,332,animal
Special_LATTE,437,plant
Special_LATTE,346,plant
Special_LATTE,115,animal
Special_LATTE,80,plant
Special_LATTE,185,animal
Special_LATTE,94,animal
Special_LATTE,899,animal
Special_LATTE,864,plant
Special_LATTE,969,plant
Special_LATTE,878,plant
Special_LATTE,647,animal
Special_LATTE,612,plant
Special_LATTE,985,animal
Special_LATTE,754,plant
Special_LATTE,719,animal
Special_LATTE,824,plant
Special_LATTE,733,plant
Special_LATTE,502,plant
Special_LATTE,467,animal
Special_LATTE,572,animal
Special_LATTE,481,plant
Special_LATTE,250,plant
Special_MOCHA,196,animal
Special_MOCHA,525,animal
Special_MOCHA,742,animal
Special_MOCHA,287,plant
Special_MOCHA,980,animal
Special_MOCHA,273,plant
Special_MOCHA,490,plant
Special_MOCHA,35,plant
Special_MOCHA,728,animal
Special_MOCHA,22,plant
Special_MOCHA,22,plant
Special_MOCHA,855,animal
Special_MOCHA,988,animal
Special_MOCHA,29,animal
Special_MOCHA,806,plant
Special_MOCHA,858,plant
Special_MOCHA,431,animal
Special_MOCHA,256,animal
Special_MOCHA,557,animal
Special_MOCHA,606,animal
Special_MOCHA,179,animal
Special_MOCHA,1040,plant
Special_MOCHA,305,animal
Special_MOCHA,354,animal
Special_MOCHA,963,plant
Special_MOCHA,788,plant
Special_MOCHA,657,plant
Special_MOCHA,174,plant
Special_MOCHA,699,plant
Special_MOCHA,20,plant
Special_MOCHA,405,plant
Special_MOCHA,958,animal
Special_MOCHA,447,animal
Special_MOCHA,708,plant
Special_MOCHA,425,plant
Special_MOCHA,1006,plant
Special_MOCHA,663,animal
Special_MOCHA,992,plant
Special_MOCHA,173,plant
Special_MOCHA,754,animal
Special_MOCHA,411,plant
Special_MOCHA,740,animal
Special_MOCHA,957,animal
Special_MOCHA,118,animal
Special_MOCHA,223,plant
Special_MOCHA,132,animal
Special_MOCHA,937,plant
Special_MOCHA,1021,animal
Special_MOCHA,930,plant
Special_MOCHA,699,animal
Special_MOCHA,664,plant
Special_MOCHA,769,animal
Special_MOCHA,678,plant
Special_MOCHA,447,animal
Special_MOCHA,412,plant
Special_MOCHA,517,animal
Special_MOCHA,426,animal
Special_MOCHA,195,plant
Special_MOCHA,160,plant
Special_MOCHA,265,plant
Special_MOCHA,174,animal
Special_MOCHA,979,animal
Special_MOCHA,944,animal
Special_MOCHA,1049,animal
Special_MOCHA,958,animal
Special_MOCHA,727,animal
Special_MOCHA,692,animal
Special_MOCHA,797,plant
Special_MOCHA,706,plant
Special_MOCHA,475,plant
Special_MOCHA,440,plant
Special_MOCHA,545,animal
Special_MOCHA,454,plant
Special_MOCHA,223,plant
Special_MOCHA,188,plant
Special_MOCHA,293,animal
Special_MOCHA,202,plant
Special_MOCHA,1007,animal
Special_MOCHA,972,plant
Special_MOCHA,41,animal
Special_MOCHA,986,animal
Special_MOCHA,755,plant
Special_MOCHA,720,animal
Special_MOCHA,825,animal
Special_MOCHA,734,animal
Special_MOCHA,827,animal
Special_MOCHA,932,animal
Special_MOCHA,841,plant
Special_MOCHA,610,plant
Special_MOCHA,575,animal
Special_MOCHA,680,animal
Special_MOCHA,589,animal
Special_MOCHA,358,animal
Special_MOCHA,323,animal
Special_MOCHA,428,plant
Triple_cappuccino,244,plant
Triple_cappuccino,208,animal
Triple_cappuccino,741,plant
Triple_cappuccino,705,plant
Triple_cappuccino,930,animal
Triple_cappuccino,894,plant
Triple_cappuccino,307,plant
Triple_cappuccino,271,animal
Triple_cappuccino,1028,plant
Triple_cappuccino,992,animal
Triple_cappuccino,489,plant
Triple_cappuccino,453,animal
Triple_cappuccino,678,plant
Triple_cappuccino,642,animal
Triple_cappuccino,55,plant
Triple_cappuccino,19,animal
Triple_cappuccino,776,plant
Triple_cappuccino,740,plant
Triple_cappuccino,237,plant
Triple_cappuccino,201,animal
Triple_cappuccino,498,animal
Triple_cappuccino,462,plant
Triple_cappuccino,827,plant
Triple_cappuccino,791,animal
Triple_cappuccino,1044,animal
Triple_cappuccino,1008,plant
Triple_cappuccino,589,animal
Triple_cappuccino,553,plant
Triple_cappuccino,246,plant
Triple_cappuccino,210,animal
Triple_cappuccino,575,plant
Triple_cappuccino,443,animal
Triple_cappuccino,407,plant
Triple_cappuccino,716,animal
Triple_cappuccino,680,animal
Triple_cappuccino,597,plant
Triple_cappuccino,561,plant
Triple_cappuccino,198,plant
Triple_cappuccino,162,plant
Triple_cappuccino,191,plant
Triple_cappuccino,155,animal
Triple_cappuccino,464,plant
Triple_cappuccino,428,plant
Triple_cappuccino,345,animal
Triple_cappuccino,309,animal
Triple_cappuccino,982,animal
Triple_cappuccino,946,animal
Triple_cappuccino,975,animal
Triple_cappuccino,939,animal
Triple_cappuccino,212,plant
Triple_cappuccino,176,plant
Triple_cappuccino,93,plant
Triple_cappuccino,57,plant
Triple_cappuccino,730,animal
Triple_cappuccino,478,plant
Triple_cappuccino,759,plant
Triple_cappuccino,723,animal
Triple_cappuccino,472,plant
Triple_cappuccino,436,animal
Triple_cappuccino,101,animal
Triple_cappuccino,65,plant
Triple_cappuccino,262,plant
Triple_cappuccino,226,plant
Triple_cappuccino,507,animal
Triple_cappuccino,471,plant
Triple_cappuccino,220,animal
Triple_cappuccino,184,plant
Triple_cappuccino,885,animal
Triple_cappuccino,801,plant
Triple_cappuccino,18,plant
Triple_cappuccino,110,animal
Triple_cappuccino,923,plant
Triple_cappuccino,887,animal
Triple_cappuccino,720,animal
Triple_cappuccino,684,plant
Triple_cappuccino,853,plant
Triple_cappuccino,817,plant
Triple_cappuccino,930,plant
Triple_cappuccino,894,animal
Triple_cappuccino,671,plant
Triple_cappuccino,635,plant
Triple_cappuccino,468,animal
Triple_cappuccino,432,animal
Triple_cappuccino,601,plant
Triple_cappuccino,565,plant
Triple_cappuccino,678,animal
Triple_cappuccino,642,plant
Triple_cappuccino,227,animal
Triple_cappuccino,191,animal
Triple_cappuccino,248,plant
Triple_cappuccino,212,plant
Triple_cappuccino,689,plant
Triple_cappuccino,653,plant
Triple_cappuccino,542,plant
Triple_cappuccino,506,plant
Triple_cappuccino,788,plant
Triple_cappuccino,752,plant
Triple_cappuccino,305,plant
Triple_cappuccino,269,animal
Triple_cappuccino,830,animal
Triple_cappuccino,794,animal
Triple_cappuccino,151,plant
Triple_cappuccino,115,animal
Triple_cappuccino,536,plant
Triple_cappuccino,500,plant
Triple_cappuccino,53,plant
Triple_cappuccino,17,plant
Triple_cappuccino,578,animal
Triple_cappuccino,542,animal
Triple_cappuccino,935,plant
Triple_cappuccino,899,animal
Triple_cappuccino,284,animal
Triple_cappuccino,248,animal
Triple_cappuccino,837,plant
Triple_cappuccino,801,animal
Triple_cappuccino,326,animal
Triple_cappuccino,290,animal
Triple_cappuccino,683,plant
Triple_cappuccino,647,plant
Triple_cappuccino,32,plant
Triple_cappuccino,1032,plant
Triple_cappuccino,585,animal
Triple_cappuccino,549,animal
Triple_cappuccino,74,animal
Triple_cappuccino,38,plant
Triple_cappuccino,431,plant
Triple_cappuccino,395,animal
Triple_cappuccino,816,plant
Triple_cappuccino,780,plant
Triple_cappuccino,333,plant
Triple_cappuccino,297,animal
Triple_cappuccino,858,animal
Triple_cappuccino,822,plant
Triple_cappuccino,179,animal
Triple_cappuccino,143,plant
Triple_cappuccino,564,plant
Triple_cappuccino,528,animal
Triple_cappuccino,81,plant
Triple_cappuccino,45,animal
Triple_cappuccino,606,plant
Triple_cappuccino,570,animal
Triple_cappuccino,963,animal
Triple_cappuccino,927,animal
Triple_cappuccino,312,plant
Triple_cappuccino,276,animal
Triple_cappuccino,865,plant
Triple_cappuccino,829,plant
Triple_cappuccino,354,plant
Triple_cappuccino,318,plant
Triple_cappuccino,711,plant
Triple_cappuccino,675,plant
Triple_cappuccino,60,plant
Triple_cappuccino,24,plant
Triple_cappuccino,613,animal
Triple_cappuccino,577,animal
Triple_cappuccino,102,animal
Triple_cappuccino,66,plant
Triple_cappuccino,459,plant
Triple_cappuccino,423,plant
Triple_cappuccino,844,animal
Triple_cappuccino,808,plant
Triple_cappuccino,361,animal
Triple_cappuccino,325,plant
Triple_cappuccino,886,plant
Triple_cappuccino,850,animal
Triple_cappuccino,207,plant
Triple_cappuccino,171,animal
Triple_cappuccino,592,animal
Triple_cappuccino,556,animal
Triple_cappuccino,109,animal
Triple_cappuccino,73,plant
Triple_cappuccino,610,plant
Triple_cappuccino,574,plant
Triple_cappuccino,995,animal
Triple_cappuccino,959,animal
Triple_cappuccino,512,plant
Triple_cappuccino,476,plant
Triple_cappuccino,1037,plant
Triple_cappuccino,1001,plant
Triple_cappuccino,358,animal
Triple_cappuccino,322,animal
Triple_cappuccino,743,plant
Triple_cappuccino,707,animal
Triple_cappuccino,260,animal
Triple_cappuccino,224,animal
Triple_cappuccino,785,plant
Triple_cappuccino,749,plant
Triple_cappuccino,106,animal
Triple_cappuccino,70,animal
Triple_cappuccino,491,plant
Triple_LATTE,487,plant
Triple_LATTE,172,plant
Triple_LATTE,669,animal
Triple_LATTE,858,plant
Triple_LATTE,235,animal
Triple_LATTE,956,animal
Triple_LATTE,417,plant
Triple_LATTE,606,animal
Triple_LATTE,1019,plant
Triple_LATTE,704,plant
Triple_LATTE,769,plant
Triple_LATTE,426,animal
Triple_LATTE,755,plant
Triple_LATTE,972,plant
Triple_LATTE,517,animal
Triple_LATTE,174,animal
Triple_LATTE,378,plant
Triple_LATTE,371,plant
Triple_LATTE,644,plant
Triple_LATTE,525,animal
Triple_LATTE,126,plant
Triple_LATTE,119,plant
Triple_LATTE,392,plant
Triple_LATTE,273,plant
Triple_LATTE,910,plant
Triple_LATTE,903,plant
Triple_LATTE,140,plant
Triple_LATTE,22,animal
Triple_LATTE,442,animal
Triple_LATTE,687,plant
Triple_LATTE,400,animal
Triple_LATTE,29,animal
Triple_LATTE,190,plant
Triple_LATTE,435,animal
Triple_LATTE,148,plant
Triple_LATTE,765,animal
Triple_LATTE,74,animal
Triple_LATTE,851,plant
Triple_LATTE,648,animal
Triple_LATTE,781,plant
Triple_LATTE,858,plant
Triple_LATTE,599,animal
Triple_LATTE,396,plant
Triple_LATTE,529,animal
Triple_LATTE,722,animal
Triple_LATTE,155,plant
Triple_LATTE,176,plant
Triple_LATTE,617,animal
Triple_LATTE,331,plant
Triple_LATTE,716,plant
Triple_LATTE,233,animal
Triple_LATTE,758,animal
Triple_LATTE,79,animal
Triple_LATTE,464,plant
Triple_LATTE,1017,plant
Triple_LATTE,506,animal
Triple_LATTE,863,animal
Triple_LATTE,212,plant
Triple_LATTE,765,animal
Triple_LATTE,254,plant
Triple_LATTE,611,animal
Triple_LATTE,996,animal
Triple_LATTE,513,animal
Triple_LATTE,1038,animal
Triple_LATTE,359,plant
Triple_LATTE,744,animal
Triple_LATTE,261,animal
Triple_LATTE,786,plant
Triple_LATTE,107,plant
Triple_LATTE,492,plant
Triple_LATTE,1045,plant
Triple_LATTE,534,animal
Triple_LATTE,891,animal
Triple_LATTE,240,animal
Triple_LATTE,793,plant
Triple_LATTE,282,animal
Triple_LATTE,639,plant
Triple_LATTE,1024,plant
Triple_LATTE,541,animal
Triple_LATTE,30,plant
Triple_LATTE,387,plant
Triple_LATTE,772,animal
Triple_LATTE,289,animal
Triple_LATTE,814,animal
Triple_LATTE,135,plant
Triple_LATTE,520,animal
Triple_LATTE,181,plant
Triple_LATTE,538,plant
Triple_LATTE,923,plant
Triple_LATTE,440,plant
Triple_LATTE,965,plant
Triple_LATTE,286,animal
Triple_LATTE,671,plant
Triple_LATTE,188,animal
Triple_LATTE,713,plant
Triple_LATTE,34,animal
Triple_MOCHA,777,animal
Triple_MOCHA,966,animal
Triple_MOCHA,343,plant
Triple_MOCHA,28,plant
Triple_MOCHA,525,animal
Triple_MOCHA,714,plant
Triple_MOCHA,91,animal
Triple_MOCHA,812,plant
Triple_MOCHA,273,plant
Triple_MOCHA,462,plant
Triple_MOCHA,863,animal
Triple_MOCHA,44,animal
Triple_MOCHA,625,plant
Triple_MOCHA,282,plant
Triple_MOCHA,611,plant
Triple_MOCHA,828,animal
Triple_MOCHA,752,animal
Triple_MOCHA,633,animal
Triple_MOCHA,234,plant
Triple_MOCHA,227,plant
Triple_MOCHA,500,animal
Triple_MOCHA,381,animal
Triple_MOCHA,1018,plant
Triple_MOCHA,1011,plant
Triple_MOCHA,248,animal
Triple_MOCHA,129,plant
Triple_MOCHA,766,animal
Triple_MOCHA,795,plant
Triple_MOCHA,508,plant
Triple_MOCHA,137,plant
Triple_MOCHA,298,plant
Triple_MOCHA,543,animal
Triple_MOCHA,256,animal
Triple_MOCHA,921,animal
Triple_MOCHA,54,animal
Triple_MOCHA,635,plant
Triple_MOCHA,756,plant
Triple_MOCHA,889,animal
Triple_MOCHA,966,animal
Triple_MOCHA,707,plant
Triple_MOCHA,504,plant
Triple_MOCHA,637,plant
Triple_MOCHA,714,animal
Triple_MOCHA,455,plant
Triple_MOCHA,284,plant
Triple_MOCHA,725,animal
Triple_MOCHA,578,plant
Triple_MOCHA,1047,plant
Triple_MOCHA,341,plant
Triple_MOCHA,866,animal
Triple_MOCHA,187,animal
Triple_MOCHA,572,plant
Triple_MOCHA,89,plant
Triple_MOCHA,614,animal
Triple_MOCHA,971,animal
Triple_MOCHA,320,plant
Triple_MOCHA,873,plant
Triple_MOCHA,362,plant
Triple_MOCHA,719,plant
Triple_MOCHA,68,animal
Triple_MOCHA,621,plant
Triple_MOCHA,110,animal
Triple_MOCHA,467,animal
Triple_MOCHA,852,plant
Triple_MOCHA,369,plant
Triple_MOCHA,894,animal
Triple_MOCHA,215,animal
Triple_MOCHA,600,animal
Triple_MOCHA,117,plant
Triple_MOCHA,642,animal
Triple_MOCHA,999,plant
Triple_MOCHA,348,animal
Triple_MOCHA,901,animal
Triple_MOCHA,390,plant
Triple_MOCHA,747,animal
Triple_MOCHA,96,animal
Triple_MOCHA,649,plant
Triple_MOCHA,138,animal
Triple_MOCHA,495,plant
Triple_MOCHA,880,animal
Triple_MOCHA,397,animal
Triple_MOCHA,922,plant
Triple_MOCHA,243,animal
Triple_MOCHA,628,plant
Triple_MOCHA,145,animal
Triple_MOCHA,670,animal
Triple_MOCHA,1031,plant
Triple_MOCHA,548,plant
Triple_MOCHA,37,plant
Triple_MOCHA,394,plant
Triple_MOCHA,779,animal
Triple_MOCHA,296,plant
Triple_MOCHA,821,animal
Triple_MOCHA,142,animal
Triple_MOCHA,527,animal